INSERT INTO customers (lastName,firstName) VALUES ('LOGAN','JULIET');
INSERT INTO customers (lastName,firstName) VALUES ('ARZT','TERRELL');
INSERT INTO customers (lastName,firstName) VALUES ('ESPOSITA','TRAVIS');
INSERT INTO customers (lastName,firstName) VALUES ('ENGLEY','SIXTA');
INSERT INTO customers (lastName,firstName) VALUES ('DUNLOW','OSVALDO');
INSERT INTO customers (lastName,firstName) VALUES ('SLINGLAND','JOSETTE');
INSERT INTO customers (lastName,firstName) VALUES ('TOUSSAND','SHARRON');
INSERT INTO customers (lastName,firstName) VALUES ('HELING','RUPERT');
INSERT INTO customers (lastName,firstName) VALUES ('HAFFERKAMP','CUC');
INSERT INTO customers (lastName,firstName) VALUES ('DUKELOW','CORETTA');
INSERT INTO customers (lastName,firstName) VALUES ('STADICK','MIGDALIA');
INSERT INTO customers (lastName,firstName) VALUES ('MCMAHAN','MELLIE');
INSERT INTO customers (lastName,firstName) VALUES ('ARNN','KIP');
INSERT INTO customers (lastName,firstName) VALUES ('SOPKO','RAYFORD');
INSERT INTO customers (lastName,firstName) VALUES ('CALLENDAR','DAVID');
INSERT INTO customers (lastName,firstName) VALUES ('CRUZEN','ARIANE');
INSERT INTO customers (lastName,firstName) VALUES ('MESDAQ','CHARLENE');
INSERT INTO customers (lastName,firstName) VALUES ('DOMKOWSKI','ALMETA');
INSERT INTO customers (lastName,firstName) VALUES ('STENZ','NATACHA');
INSERT INTO customers (lastName,firstName) VALUES ('ZEME','STEPHEN');

INSERT INTO goods (id,flavor,food,price) VALUES ('20-BC-C-10','Chocolate','Cake',8.95);
INSERT INTO goods (id,flavor,food,price) VALUES ('20-BC-L-10','Lemon','Cake',8.95);
INSERT INTO goods (id,flavor,food,price) VALUES ('20-CA-7.5','Casino','Cake',15.95);
INSERT INTO goods (id,flavor,food,price) VALUES ('24-8x10','Opera','Cake',15.95);
INSERT INTO goods (id,flavor,food,price) VALUES ('25-STR-9','Strawberry','Cake',11.95);
INSERT INTO goods (id,flavor,food,price) VALUES ('26-8x10','Truffle','Cake',15.95);
INSERT INTO goods (id,flavor,food,price) VALUES ('45-CH','Chocolate','Eclair',3.25);
INSERT INTO goods (id,flavor,food,price) VALUES ('45-CO','Coffee','Eclair',3.5);
INSERT INTO goods (id,flavor,food,price) VALUES ('45-VA','Vanilla','Eclair',3.25);
INSERT INTO goods (id,flavor,food,price) VALUES ('46-11','Napoleon','Cake',13.49);
INSERT INTO goods (id,flavor,food,price) VALUES ('90-ALM-I','Almond','Tart',3.75);
INSERT INTO goods (id,flavor,food,price) VALUES ('90-APIE-10','Apple','Pie',5.25);
INSERT INTO goods (id,flavor,food,price) VALUES ('90-APP-11','Apple','Tart',3.25);
INSERT INTO goods (id,flavor,food,price) VALUES ('90-APR-PF','Apricot','Tart',3.25);
INSERT INTO goods (id,flavor,food,price) VALUES ('90-BER-11','Berry','Tart',3.25);
INSERT INTO goods (id,flavor,food,price) VALUES ('90-BLK-PF','Blackberry','Tart',3.25);
INSERT INTO goods (id,flavor,food,price) VALUES ('90-BLU-11','Blueberry','Tart',3.25);
INSERT INTO goods (id,flavor,food,price) VALUES ('90-CH-PF','Chocolate','Tart',3.75);
INSERT INTO goods (id,flavor,food,price) VALUES ('90-CHR-11','Cherry','Tart',3.25);
INSERT INTO goods (id,flavor,food,price) VALUES ('90-LEM-11','Lemon','Tart',3.25);
INSERT INTO goods (id,flavor,food,price) VALUES ('90-PEC-11','Pecan','Tart',3.75);
INSERT INTO goods (id,flavor,food,price) VALUES ('70-GA','Ganache','Cookie',1.15);
INSERT INTO goods (id,flavor,food,price) VALUES ('70-GON','Gongolais','Cookie',1.15);
INSERT INTO goods (id,flavor,food,price) VALUES ('70-R','Raspberry','Cookie',1.09);
INSERT INTO goods (id,flavor,food,price) VALUES ('70-LEM','Lemon','Cookie',0.79);
INSERT INTO goods (id,flavor,food,price) VALUES ('70-M-CH-DZ','Chocolate','Meringue',1.25);
INSERT INTO goods (id,flavor,food,price) VALUES ('70-M-VA-SM-DZ','Vanilla','Meringue',1.15);
INSERT INTO goods (id,flavor,food,price) VALUES ('70-MAR','Marzipan','Cookie',1.25);
INSERT INTO goods (id,flavor,food,price) VALUES ('70-TU','Tuile','Cookie',1.25);
INSERT INTO goods (id,flavor,food,price) VALUES ('70-W','Walnut','Cookie',0.79);
INSERT INTO goods (id,flavor,food,price) VALUES ('50-ALM','Almond','Croissant',1.45);
INSERT INTO goods (id,flavor,food,price) VALUES ('50-APP','Apple','Croissant',1.45);
INSERT INTO goods (id,flavor,food,price) VALUES ('50-APR','Apricot','Croissant',1.45);
INSERT INTO goods (id,flavor,food,price) VALUES ('50-CHS','Cheese','Croissant',1.75);
INSERT INTO goods (id,flavor,food,price) VALUES ('50-CH','Chocolate','Croissant',1.75);
INSERT INTO goods (id,flavor,food,price) VALUES ('51-APR','Apricot','Danish',1.15);
INSERT INTO goods (id,flavor,food,price) VALUES ('51-APP','Apple','Danish',1.15);
INSERT INTO goods (id,flavor,food,price) VALUES ('51-ATW','Almond','Twist',1.15);
INSERT INTO goods (id,flavor,food,price) VALUES ('51-BC','Almond','Bear Claw',1.95);
INSERT INTO goods (id,flavor,food,price) VALUES ('51-BLU','Blueberry','Danish',1.15);

INSERT INTO receipts (id,date_,customerId) VALUES (18129,STR_TO_DATE('28-Oct-2007', "%d-%M-%Y" ),15);
INSERT INTO receipts (id,date_,customerId) VALUES (51991,STR_TO_DATE('17-Oct-2007', "%d-%M-%Y" ),14);
INSERT INTO receipts (id,date_,customerId) VALUES (83085,STR_TO_DATE('12-Oct-2007', "%d-%M-%Y" ),7);
INSERT INTO receipts (id,date_,customerId) VALUES (70723,STR_TO_DATE('28-Oct-2007', "%d-%M-%Y" ),20);
INSERT INTO receipts (id,date_,customerId) VALUES (13355,STR_TO_DATE('19-Oct-2007', "%d-%M-%Y" ),7);
INSERT INTO receipts (id,date_,customerId) VALUES (52761,STR_TO_DATE('27-Oct-2007', "%d-%M-%Y" ),8);
INSERT INTO receipts (id,date_,customerId) VALUES (99002,STR_TO_DATE('13-Oct-2007', "%d-%M-%Y" ),20);
INSERT INTO receipts (id,date_,customerId) VALUES (58770,STR_TO_DATE('22-Oct-2007', "%d-%M-%Y" ),18);
INSERT INTO receipts (id,date_,customerId) VALUES (84665,STR_TO_DATE('10-Oct-2007', "%d-%M-%Y" ),6);
INSERT INTO receipts (id,date_,customerId) VALUES (55944,STR_TO_DATE('16-Oct-2007', "%d-%M-%Y" ),19);
INSERT INTO receipts (id,date_,customerId) VALUES (42166,STR_TO_DATE('14-Oct-2007', "%d-%M-%Y" ),8);
INSERT INTO receipts (id,date_,customerId) VALUES (16034,STR_TO_DATE('10-Oct-2007', "%d-%M-%Y" ),4);
INSERT INTO receipts (id,date_,customerId) VALUES (25906,STR_TO_DATE('29-Oct-2007', "%d-%M-%Y" ),15);
INSERT INTO receipts (id,date_,customerId) VALUES (27741,STR_TO_DATE('25-Oct-2007', "%d-%M-%Y" ),8);
INSERT INTO receipts (id,date_,customerId) VALUES (64451,STR_TO_DATE('10-Oct-2007', "%d-%M-%Y" ),11);
INSERT INTO receipts (id,date_,customerId) VALUES (41028,STR_TO_DATE('6-Oct-2007', "%d-%M-%Y" ),17);
INSERT INTO receipts (id,date_,customerId) VALUES (73716,STR_TO_DATE('29-Oct-2007', "%d-%M-%Y" ),18);
INSERT INTO receipts (id,date_,customerId) VALUES (76667,STR_TO_DATE('14-Oct-2007', "%d-%M-%Y" ),15);
INSERT INTO receipts (id,date_,customerId) VALUES (21040,STR_TO_DATE('3-Oct-2007', "%d-%M-%Y" ),6);
INSERT INTO receipts (id,date_,customerId) VALUES (48332,STR_TO_DATE('15-Oct-2007', "%d-%M-%Y" ),20);
INSERT INTO receipts (id,date_,customerId) VALUES (35011,STR_TO_DATE('10-Oct-2007', "%d-%M-%Y" ),20);
INSERT INTO receipts (id,date_,customerId) VALUES (95962,STR_TO_DATE('26-Oct-2007', "%d-%M-%Y" ),8);
INSERT INTO receipts (id,date_,customerId) VALUES (44798,STR_TO_DATE('4-Oct-2007', "%d-%M-%Y" ),16);
INSERT INTO receipts (id,date_,customerId) VALUES (60270,STR_TO_DATE('31-Oct-2007', "%d-%M-%Y" ),11);
INSERT INTO receipts (id,date_,customerId) VALUES (21162,STR_TO_DATE('4-Oct-2007', "%d-%M-%Y" ),8);
INSERT INTO receipts (id,date_,customerId) VALUES (77406,STR_TO_DATE('9-Oct-2007', "%d-%M-%Y" ),13);
INSERT INTO receipts (id,date_,customerId) VALUES (32565,STR_TO_DATE('24-Oct-2007', "%d-%M-%Y" ),14);
INSERT INTO receipts (id,date_,customerId) VALUES (36343,STR_TO_DATE('31-Oct-2007', "%d-%M-%Y" ),19);
INSERT INTO receipts (id,date_,customerId) VALUES (96619,STR_TO_DATE('7-Oct-2007', "%d-%M-%Y" ),18);
INSERT INTO receipts (id,date_,customerId) VALUES (86678,STR_TO_DATE('24-Oct-2007', "%d-%M-%Y" ),3);
INSERT INTO receipts (id,date_,customerId) VALUES (44330,STR_TO_DATE('20-Oct-2007', "%d-%M-%Y" ),18);
INSERT INTO receipts (id,date_,customerId) VALUES (91937,STR_TO_DATE('21-Oct-2007', "%d-%M-%Y" ),12);
INSERT INTO receipts (id,date_,customerId) VALUES (21545,STR_TO_DATE('22-Oct-2007', "%d-%M-%Y" ),12);
INSERT INTO receipts (id,date_,customerId) VALUES (29226,STR_TO_DATE('26-Oct-2007', "%d-%M-%Y" ),14);
INSERT INTO receipts (id,date_,customerId) VALUES (25121,STR_TO_DATE('20-Oct-2007', "%d-%M-%Y" ),18);
INSERT INTO receipts (id,date_,customerId) VALUES (54935,STR_TO_DATE('16-Oct-2007', "%d-%M-%Y" ),14);
INSERT INTO receipts (id,date_,customerId) VALUES (36423,STR_TO_DATE('24-Oct-2007', "%d-%M-%Y" ),16);
INSERT INTO receipts (id,date_,customerId) VALUES (83437,STR_TO_DATE('15-Oct-2007', "%d-%M-%Y" ),8);
INSERT INTO receipts (id,date_,customerId) VALUES (49854,STR_TO_DATE('12-Oct-2007', "%d-%M-%Y" ),2);
INSERT INTO receipts (id,date_,customerId) VALUES (99994,STR_TO_DATE('21-Oct-2007', "%d-%M-%Y" ),6);
INSERT INTO receipts (id,date_,customerId) VALUES (21622,STR_TO_DATE('10-Oct-2007', "%d-%M-%Y" ),7);
INSERT INTO receipts (id,date_,customerId) VALUES (64861,STR_TO_DATE('15-Oct-2007', "%d-%M-%Y" ),10);
INSERT INTO receipts (id,date_,customerId) VALUES (33456,STR_TO_DATE('5-Oct-2007', "%d-%M-%Y" ),16);
INSERT INTO receipts (id,date_,customerId) VALUES (75468,STR_TO_DATE('21-Oct-2007', "%d-%M-%Y" ),10);
INSERT INTO receipts (id,date_,customerId) VALUES (56365,STR_TO_DATE('14-Oct-2007', "%d-%M-%Y" ),12);
INSERT INTO receipts (id,date_,customerId) VALUES (91192,STR_TO_DATE('10-Oct-2007', "%d-%M-%Y" ),5);
INSERT INTO receipts (id,date_,customerId) VALUES (82056,STR_TO_DATE('7-Oct-2007', "%d-%M-%Y" ),18);
INSERT INTO receipts (id,date_,customerId) VALUES (27192,STR_TO_DATE('28-Oct-2007', "%d-%M-%Y" ),9);
INSERT INTO receipts (id,date_,customerId) VALUES (59716,STR_TO_DATE('30-Oct-2007', "%d-%M-%Y" ),2);
INSERT INTO receipts (id,date_,customerId) VALUES (82795,STR_TO_DATE('8-Oct-2007', "%d-%M-%Y" ),15);
INSERT INTO receipts (id,date_,customerId) VALUES (26240,STR_TO_DATE('7-Oct-2007', "%d-%M-%Y" ),16);
INSERT INTO receipts (id,date_,customerId) VALUES (56724,STR_TO_DATE('9-Oct-2007', "%d-%M-%Y" ),13);
INSERT INTO receipts (id,date_,customerId) VALUES (70796,STR_TO_DATE('31-Oct-2007', "%d-%M-%Y" ),12);
INSERT INTO receipts (id,date_,customerId) VALUES (37636,STR_TO_DATE('20-Oct-2007', "%d-%M-%Y" ),1);
INSERT INTO receipts (id,date_,customerId) VALUES (63998,STR_TO_DATE('13-Oct-2007', "%d-%M-%Y" ),20);
INSERT INTO receipts (id,date_,customerId) VALUES (48981,STR_TO_DATE('24-Oct-2007', "%d-%M-%Y" ),20);
INSERT INTO receipts (id,date_,customerId) VALUES (66704,STR_TO_DATE('29-Oct-2007', "%d-%M-%Y" ),14);
INSERT INTO receipts (id,date_,customerId) VALUES (12698,STR_TO_DATE('23-Oct-2007', "%d-%M-%Y" ),19);
INSERT INTO receipts (id,date_,customerId) VALUES (79287,STR_TO_DATE('30-Oct-2007', "%d-%M-%Y" ),8);
INSERT INTO receipts (id,date_,customerId) VALUES (55690,STR_TO_DATE('15-Oct-2007', "%d-%M-%Y" ),19);
INSERT INTO receipts (id,date_,customerId) VALUES (94371,STR_TO_DATE('22-Oct-2007', "%d-%M-%Y" ),8);
INSERT INTO receipts (id,date_,customerId) VALUES (26148,STR_TO_DATE('19-Oct-2007', "%d-%M-%Y" ),20);
INSERT INTO receipts (id,date_,customerId) VALUES (11923,STR_TO_DATE('9-Oct-2007', "%d-%M-%Y" ),15);
INSERT INTO receipts (id,date_,customerId) VALUES (46598,STR_TO_DATE('3-Oct-2007', "%d-%M-%Y" ),14);
INSERT INTO receipts (id,date_,customerId) VALUES (76951,STR_TO_DATE('27-Oct-2007', "%d-%M-%Y" ),14);
INSERT INTO receipts (id,date_,customerId) VALUES (85858,STR_TO_DATE('31-Oct-2007', "%d-%M-%Y" ),1);
INSERT INTO receipts (id,date_,customerId) VALUES (85881,STR_TO_DATE('13-Oct-2007', "%d-%M-%Y" ),1);
INSERT INTO receipts (id,date_,customerId) VALUES (89937,STR_TO_DATE('20-Oct-2007', "%d-%M-%Y" ),7);
INSERT INTO receipts (id,date_,customerId) VALUES (66227,STR_TO_DATE('10-Oct-2007', "%d-%M-%Y" ),1);
INSERT INTO receipts (id,date_,customerId) VALUES (60240,STR_TO_DATE('17-Oct-2007', "%d-%M-%Y" ),17);
INSERT INTO receipts (id,date_,customerId) VALUES (86085,STR_TO_DATE('16-Oct-2007', "%d-%M-%Y" ),1);
INSERT INTO receipts (id,date_,customerId) VALUES (67314,STR_TO_DATE('23-Oct-2007', "%d-%M-%Y" ),6);
INSERT INTO receipts (id,date_,customerId) VALUES (10013,STR_TO_DATE('17-Oct-2007', "%d-%M-%Y" ),15);
INSERT INTO receipts (id,date_,customerId) VALUES (26741,STR_TO_DATE('24-Oct-2007', "%d-%M-%Y" ),7);
INSERT INTO receipts (id,date_,customerId) VALUES (38157,STR_TO_DATE('23-Oct-2007', "%d-%M-%Y" ),16);
INSERT INTO receipts (id,date_,customerId) VALUES (45873,STR_TO_DATE('5-Oct-2007', "%d-%M-%Y" ),13);
INSERT INTO receipts (id,date_,customerId) VALUES (37540,STR_TO_DATE('3-Oct-2007', "%d-%M-%Y" ),20);
INSERT INTO receipts (id,date_,customerId) VALUES (11891,STR_TO_DATE('30-Oct-2007', "%d-%M-%Y" ),7);
INSERT INTO receipts (id,date_,customerId) VALUES (61797,STR_TO_DATE('30-Oct-2007', "%d-%M-%Y" ),8);
INSERT INTO receipts (id,date_,customerId) VALUES (52369,STR_TO_DATE('15-Oct-2007', "%d-%M-%Y" ),5);
INSERT INTO receipts (id,date_,customerId) VALUES (96430,STR_TO_DATE('4-Oct-2007', "%d-%M-%Y" ),18);
INSERT INTO receipts (id,date_,customerId) VALUES (64301,STR_TO_DATE('12-Oct-2007', "%d-%M-%Y" ),14);
INSERT INTO receipts (id,date_,customerId) VALUES (45976,STR_TO_DATE('3-Oct-2007', "%d-%M-%Y" ),10);
INSERT INTO receipts (id,date_,customerId) VALUES (39605,STR_TO_DATE('12-Oct-2007', "%d-%M-%Y" ),12);
INSERT INTO receipts (id,date_,customerId) VALUES (52013,STR_TO_DATE('5-Oct-2007', "%d-%M-%Y" ),13);
INSERT INTO receipts (id,date_,customerId) VALUES (88626,STR_TO_DATE('25-Oct-2007', "%d-%M-%Y" ),17);
INSERT INTO receipts (id,date_,customerId) VALUES (53376,STR_TO_DATE('30-Oct-2007', "%d-%M-%Y" ),8);
INSERT INTO receipts (id,date_,customerId) VALUES (15584,STR_TO_DATE('13-Oct-2007', "%d-%M-%Y" ),3);
INSERT INTO receipts (id,date_,customerId) VALUES (73437,STR_TO_DATE('1-Oct-2007', "%d-%M-%Y" ),6);
INSERT INTO receipts (id,date_,customerId) VALUES (24200,STR_TO_DATE('16-Oct-2007', "%d-%M-%Y" ),9);
INSERT INTO receipts (id,date_,customerId) VALUES (92252,STR_TO_DATE('25-Oct-2007', "%d-%M-%Y" ),7);
INSERT INTO receipts (id,date_,customerId) VALUES (39685,STR_TO_DATE('28-Oct-2007', "%d-%M-%Y" ),1);
INSERT INTO receipts (id,date_,customerId) VALUES (61378,STR_TO_DATE('8-Oct-2007', "%d-%M-%Y" ),11);
INSERT INTO receipts (id,date_,customerId) VALUES (96761,STR_TO_DATE('14-Oct-2007', "%d-%M-%Y" ),20);
INSERT INTO receipts (id,date_,customerId) VALUES (26198,STR_TO_DATE('12-Oct-2007', "%d-%M-%Y" ),11);
INSERT INTO receipts (id,date_,customerId) VALUES (78179,STR_TO_DATE('24-Oct-2007', "%d-%M-%Y" ),14);
INSERT INTO receipts (id,date_,customerId) VALUES (68890,STR_TO_DATE('27-Oct-2007', "%d-%M-%Y" ),7);
INSERT INTO receipts (id,date_,customerId) VALUES (75526,STR_TO_DATE('22-Oct-2007', "%d-%M-%Y" ),18);
INSERT INTO receipts (id,date_,customerId) VALUES (86162,STR_TO_DATE('10-Oct-2007', "%d-%M-%Y" ),16);
INSERT INTO receipts (id,date_,customerId) VALUES (13496,STR_TO_DATE('30-Oct-2007', "%d-%M-%Y" ),11);
INSERT INTO receipts (id,date_,customerId) VALUES (60469,STR_TO_DATE('20-Oct-2007', "%d-%M-%Y" ),4);
INSERT INTO receipts (id,date_,customerId) VALUES (50660,STR_TO_DATE('18-Oct-2007', "%d-%M-%Y" ),9);
INSERT INTO receipts (id,date_,customerId) VALUES (64553,STR_TO_DATE('8-Oct-2007', "%d-%M-%Y" ),17);
INSERT INTO receipts (id,date_,customerId) VALUES (57784,STR_TO_DATE('15-Oct-2007', "%d-%M-%Y" ),7);
INSERT INTO receipts (id,date_,customerId) VALUES (84258,STR_TO_DATE('22-Oct-2007', "%d-%M-%Y" ),2);
INSERT INTO receipts (id,date_,customerId) VALUES (68199,STR_TO_DATE('4-Oct-2007', "%d-%M-%Y" ),9);
INSERT INTO receipts (id,date_,customerId) VALUES (78187,STR_TO_DATE('17-Oct-2007', "%d-%M-%Y" ),14);
INSERT INTO receipts (id,date_,customerId) VALUES (81517,STR_TO_DATE('10-Oct-2007', "%d-%M-%Y" ),1);
INSERT INTO receipts (id,date_,customerId) VALUES (18951,STR_TO_DATE('14-Oct-2007', "%d-%M-%Y" ),20);
INSERT INTO receipts (id,date_,customerId) VALUES (20411,STR_TO_DATE('8-Oct-2007', "%d-%M-%Y" ),7);
INSERT INTO receipts (id,date_,customerId) VALUES (55494,STR_TO_DATE('20-Oct-2007', "%d-%M-%Y" ),15);
INSERT INTO receipts (id,date_,customerId) VALUES (42162,STR_TO_DATE('16-Oct-2007', "%d-%M-%Y" ),7);
INSERT INTO receipts (id,date_,customerId) VALUES (49977,STR_TO_DATE('18-Oct-2007', "%d-%M-%Y" ),3);
INSERT INTO receipts (id,date_,customerId) VALUES (89638,STR_TO_DATE('7-Oct-2007', "%d-%M-%Y" ),4);
INSERT INTO receipts (id,date_,customerId) VALUES (73438,STR_TO_DATE('18-Oct-2007', "%d-%M-%Y" ),10);
INSERT INTO receipts (id,date_,customerId) VALUES (96258,STR_TO_DATE('12-Oct-2007', "%d-%M-%Y" ),8);
INSERT INTO receipts (id,date_,customerId) VALUES (19258,STR_TO_DATE('25-Oct-2007', "%d-%M-%Y" ),5);
INSERT INTO receipts (id,date_,customerId) VALUES (12800,STR_TO_DATE('22-Oct-2007', "%d-%M-%Y" ),11);
INSERT INTO receipts (id,date_,customerId) VALUES (81368,STR_TO_DATE('17-Oct-2007', "%d-%M-%Y" ),19);
INSERT INTO receipts (id,date_,customerId) VALUES (70655,STR_TO_DATE('6-Oct-2007', "%d-%M-%Y" ),2);
INSERT INTO receipts (id,date_,customerId) VALUES (19002,STR_TO_DATE('19-Oct-2007', "%d-%M-%Y" ),6);
INSERT INTO receipts (id,date_,customerId) VALUES (31874,STR_TO_DATE('13-Oct-2007', "%d-%M-%Y" ),2);
INSERT INTO receipts (id,date_,customerId) VALUES (72207,STR_TO_DATE('15-Oct-2007', "%d-%M-%Y" ),1);
INSERT INTO receipts (id,date_,customerId) VALUES (65091,STR_TO_DATE('9-Oct-2007', "%d-%M-%Y" ),17);
INSERT INTO receipts (id,date_,customerId) VALUES (42833,STR_TO_DATE('22-Oct-2007', "%d-%M-%Y" ),3);
INSERT INTO receipts (id,date_,customerId) VALUES (72949,STR_TO_DATE('2-Oct-2007', "%d-%M-%Y" ),6);
INSERT INTO receipts (id,date_,customerId) VALUES (46248,STR_TO_DATE('12-Oct-2007', "%d-%M-%Y" ),11);
INSERT INTO receipts (id,date_,customerId) VALUES (38849,STR_TO_DATE('25-Oct-2007', "%d-%M-%Y" ),1);
INSERT INTO receipts (id,date_,customerId) VALUES (86861,STR_TO_DATE('26-Oct-2007', "%d-%M-%Y" ),9);
INSERT INTO receipts (id,date_,customerId) VALUES (32701,STR_TO_DATE('19-Oct-2007', "%d-%M-%Y" ),16);
INSERT INTO receipts (id,date_,customerId) VALUES (89182,STR_TO_DATE('29-Oct-2007', "%d-%M-%Y" ),5);
INSERT INTO receipts (id,date_,customerId) VALUES (68753,STR_TO_DATE('11-Oct-2007', "%d-%M-%Y" ),5);
INSERT INTO receipts (id,date_,customerId) VALUES (39217,STR_TO_DATE('19-Oct-2007', "%d-%M-%Y" ),20);
INSERT INTO receipts (id,date_,customerId) VALUES (96531,STR_TO_DATE('12-Oct-2007', "%d-%M-%Y" ),8);
INSERT INTO receipts (id,date_,customerId) VALUES (53922,STR_TO_DATE('13-Oct-2007', "%d-%M-%Y" ),2);
INSERT INTO receipts (id,date_,customerId) VALUES (64477,STR_TO_DATE('16-Oct-2007', "%d-%M-%Y" ),6);
INSERT INTO receipts (id,date_,customerId) VALUES (99058,STR_TO_DATE('3-Oct-2007', "%d-%M-%Y" ),14);
INSERT INTO receipts (id,date_,customerId) VALUES (77032,STR_TO_DATE('28-Oct-2007', "%d-%M-%Y" ),14);
INSERT INTO receipts (id,date_,customerId) VALUES (15286,STR_TO_DATE('11-Oct-2007', "%d-%M-%Y" ),6);
INSERT INTO receipts (id,date_,customerId) VALUES (59774,STR_TO_DATE('2-Oct-2007', "%d-%M-%Y" ),16);
INSERT INTO receipts (id,date_,customerId) VALUES (35073,STR_TO_DATE('23-Oct-2007', "%d-%M-%Y" ),5);
INSERT INTO receipts (id,date_,customerId) VALUES (34910,STR_TO_DATE('7-Oct-2007', "%d-%M-%Y" ),20);
INSERT INTO receipts (id,date_,customerId) VALUES (17685,STR_TO_DATE('2-Oct-2007', "%d-%M-%Y" ),12);
INSERT INTO receipts (id,date_,customerId) VALUES (45062,STR_TO_DATE('23-Oct-2007', "%d-%M-%Y" ),1);
INSERT INTO receipts (id,date_,customerId) VALUES (39109,STR_TO_DATE('2-Oct-2007', "%d-%M-%Y" ),16);
INSERT INTO receipts (id,date_,customerId) VALUES (37063,STR_TO_DATE('22-Oct-2007', "%d-%M-%Y" ),14);
INSERT INTO receipts (id,date_,customerId) VALUES (18567,STR_TO_DATE('13-Oct-2007', "%d-%M-%Y" ),7);
INSERT INTO receipts (id,date_,customerId) VALUES (37586,STR_TO_DATE('3-Oct-2007', "%d-%M-%Y" ),8);
INSERT INTO receipts (id,date_,customerId) VALUES (62707,STR_TO_DATE('7-Oct-2007', "%d-%M-%Y" ),8);
INSERT INTO receipts (id,date_,customerId) VALUES (28117,STR_TO_DATE('9-Oct-2007', "%d-%M-%Y" ),5);
INSERT INTO receipts (id,date_,customerId) VALUES (64574,STR_TO_DATE('2-Oct-2007', "%d-%M-%Y" ),6);
INSERT INTO receipts (id,date_,customerId) VALUES (40305,STR_TO_DATE('25-Oct-2007', "%d-%M-%Y" ),8);
INSERT INTO receipts (id,date_,customerId) VALUES (33060,STR_TO_DATE('29-Oct-2007', "%d-%M-%Y" ),20);
INSERT INTO receipts (id,date_,customerId) VALUES (12396,STR_TO_DATE('10-Oct-2007', "%d-%M-%Y" ),10);
INSERT INTO receipts (id,date_,customerId) VALUES (43103,STR_TO_DATE('7-Oct-2007', "%d-%M-%Y" ),4);
INSERT INTO receipts (id,date_,customerId) VALUES (39575,STR_TO_DATE('20-Oct-2007', "%d-%M-%Y" ),20);
INSERT INTO receipts (id,date_,customerId) VALUES (70162,STR_TO_DATE('9-Oct-2007', "%d-%M-%Y" ),19);
INSERT INTO receipts (id,date_,customerId) VALUES (23034,STR_TO_DATE('15-Oct-2007', "%d-%M-%Y" ),17);
INSERT INTO receipts (id,date_,customerId) VALUES (79296,STR_TO_DATE('3-Oct-2007', "%d-%M-%Y" ),19);
INSERT INTO receipts (id,date_,customerId) VALUES (74741,STR_TO_DATE('12-Oct-2007', "%d-%M-%Y" ),20);
INSERT INTO receipts (id,date_,customerId) VALUES (98806,STR_TO_DATE('15-Oct-2007', "%d-%M-%Y" ),17);
INSERT INTO receipts (id,date_,customerId) VALUES (43752,STR_TO_DATE('5-Oct-2007', "%d-%M-%Y" ),5);
INSERT INTO receipts (id,date_,customerId) VALUES (47353,STR_TO_DATE('12-Oct-2007', "%d-%M-%Y" ),6);
INSERT INTO receipts (id,date_,customerId) VALUES (39829,STR_TO_DATE('31-Oct-2007', "%d-%M-%Y" ),3);
INSERT INTO receipts (id,date_,customerId) VALUES (87454,STR_TO_DATE('21-Oct-2007', "%d-%M-%Y" ),6);
INSERT INTO receipts (id,date_,customerId) VALUES (76663,STR_TO_DATE('4-Oct-2007', "%d-%M-%Y" ),10);
INSERT INTO receipts (id,date_,customerId) VALUES (85492,STR_TO_DATE('20-Oct-2007', "%d-%M-%Y" ),12);
INSERT INTO receipts (id,date_,customerId) VALUES (48647,STR_TO_DATE('9-Oct-2007', "%d-%M-%Y" ),3);
INSERT INTO receipts (id,date_,customerId) VALUES (61008,STR_TO_DATE('9-Oct-2007', "%d-%M-%Y" ),14);
INSERT INTO receipts (id,date_,customerId) VALUES (96402,STR_TO_DATE('4-Oct-2007', "%d-%M-%Y" ),6);
INSERT INTO receipts (id,date_,customerId) VALUES (35904,STR_TO_DATE('21-Oct-2007', "%d-%M-%Y" ),10);
INSERT INTO receipts (id,date_,customerId) VALUES (49845,STR_TO_DATE('31-Oct-2007', "%d-%M-%Y" ),20);
INSERT INTO receipts (id,date_,customerId) VALUES (46014,STR_TO_DATE('16-Oct-2007', "%d-%M-%Y" ),15);
INSERT INTO receipts (id,date_,customerId) VALUES (46876,STR_TO_DATE('6-Oct-2007', "%d-%M-%Y" ),13);
INSERT INTO receipts (id,date_,customerId) VALUES (34579,STR_TO_DATE('8-Oct-2007', "%d-%M-%Y" ),7);
INSERT INTO receipts (id,date_,customerId) VALUES (17729,STR_TO_DATE('16-Oct-2007', "%d-%M-%Y" ),16);
INSERT INTO receipts (id,date_,customerId) VALUES (74952,STR_TO_DATE('16-Oct-2007', "%d-%M-%Y" ),5);
INSERT INTO receipts (id,date_,customerId) VALUES (61948,STR_TO_DATE('4-Oct-2007', "%d-%M-%Y" ),5);
INSERT INTO receipts (id,date_,customerId) VALUES (41064,STR_TO_DATE('25-Oct-2007', "%d-%M-%Y" ),16);
INSERT INTO receipts (id,date_,customerId) VALUES (17947,STR_TO_DATE('27-Oct-2007', "%d-%M-%Y" ),7);
INSERT INTO receipts (id,date_,customerId) VALUES (20913,STR_TO_DATE('7-Oct-2007', "%d-%M-%Y" ),8);
INSERT INTO receipts (id,date_,customerId) VALUES (95514,STR_TO_DATE('9-Oct-2007', "%d-%M-%Y" ),10);
INSERT INTO receipts (id,date_,customerId) VALUES (24829,STR_TO_DATE('7-Oct-2007', "%d-%M-%Y" ),15);
INSERT INTO receipts (id,date_,customerId) VALUES (44590,STR_TO_DATE('12-Oct-2007', "%d-%M-%Y" ),1);
INSERT INTO receipts (id,date_,customerId) VALUES (65165,STR_TO_DATE('4-Oct-2007', "%d-%M-%Y" ),4);
INSERT INTO receipts (id,date_,customerId) VALUES (89588,STR_TO_DATE('9-Oct-2007', "%d-%M-%Y" ),7);
INSERT INTO receipts (id,date_,customerId) VALUES (53240,STR_TO_DATE('3-Oct-2007', "%d-%M-%Y" ),14);
INSERT INTO receipts (id,date_,customerId) VALUES (46674,STR_TO_DATE('29-Oct-2007', "%d-%M-%Y" ),15);
INSERT INTO receipts (id,date_,customerId) VALUES (67946,STR_TO_DATE('18-Oct-2007', "%d-%M-%Y" ),7);
INSERT INTO receipts (id,date_,customerId) VALUES (31233,STR_TO_DATE('20-Oct-2007', "%d-%M-%Y" ),13);
INSERT INTO receipts (id,date_,customerId) VALUES (15904,STR_TO_DATE('6-Oct-2007', "%d-%M-%Y" ),13);
INSERT INTO receipts (id,date_,customerId) VALUES (17488,STR_TO_DATE('20-Oct-2007', "%d-%M-%Y" ),6);
INSERT INTO receipts (id,date_,customerId) VALUES (97097,STR_TO_DATE('23-Oct-2007', "%d-%M-%Y" ),9);
INSERT INTO receipts (id,date_,customerId) VALUES (50512,STR_TO_DATE('27-Oct-2007', "%d-%M-%Y" ),8);
INSERT INTO receipts (id,date_,customerId) VALUES (11548,STR_TO_DATE('21-Oct-2007', "%d-%M-%Y" ),13);
INSERT INTO receipts (id,date_,customerId) VALUES (29908,STR_TO_DATE('14-Oct-2007', "%d-%M-%Y" ),13);
INSERT INTO receipts (id,date_,customerId) VALUES (20127,STR_TO_DATE('7-Oct-2007', "%d-%M-%Y" ),15);
INSERT INTO receipts (id,date_,customerId) VALUES (41963,STR_TO_DATE('29-Oct-2007', "%d-%M-%Y" ),8);
INSERT INTO receipts (id,date_,customerId) VALUES (16532,STR_TO_DATE('21-Oct-2007', "%d-%M-%Y" ),4);
INSERT INTO receipts (id,date_,customerId) VALUES (34378,STR_TO_DATE('23-Oct-2007', "%d-%M-%Y" ),6);

INSERT INTO items (receipt,ordinal,item) VALUES (18129,1,'70-TU');
INSERT INTO items (receipt,ordinal,item) VALUES (51991,1,'90-APIE-10');
INSERT INTO items (receipt,ordinal,item) VALUES (51991,2,'90-CH-PF');
INSERT INTO items (receipt,ordinal,item) VALUES (51991,3,'90-APP-11');
INSERT INTO items (receipt,ordinal,item) VALUES (51991,4,'26-8x10');
INSERT INTO items (receipt,ordinal,item) VALUES (83085,1,'25-STR-9');
INSERT INTO items (receipt,ordinal,item) VALUES (83085,2,'24-8x10');
INSERT INTO items (receipt,ordinal,item) VALUES (83085,3,'90-APR-PF');
INSERT INTO items (receipt,ordinal,item) VALUES (83085,4,'51-ATW');
INSERT INTO items (receipt,ordinal,item) VALUES (83085,5,'26-8x10');
INSERT INTO items (receipt,ordinal,item) VALUES (70723,1,'45-CO');
INSERT INTO items (receipt,ordinal,item) VALUES (13355,1,'24-8x10');
INSERT INTO items (receipt,ordinal,item) VALUES (13355,2,'70-LEM');
INSERT INTO items (receipt,ordinal,item) VALUES (13355,3,'46-11');
INSERT INTO items (receipt,ordinal,item) VALUES (52761,1,'90-ALM-I');
INSERT INTO items (receipt,ordinal,item) VALUES (52761,2,'26-8x10');
INSERT INTO items (receipt,ordinal,item) VALUES (52761,3,'50-CHS');
INSERT INTO items (receipt,ordinal,item) VALUES (52761,4,'90-BLK-PF');
INSERT INTO items (receipt,ordinal,item) VALUES (52761,5,'90-ALM-I');
INSERT INTO items (receipt,ordinal,item) VALUES (99002,1,'50-CHS');
INSERT INTO items (receipt,ordinal,item) VALUES (99002,2,'45-VA');
INSERT INTO items (receipt,ordinal,item) VALUES (58770,1,'50-CHS');
INSERT INTO items (receipt,ordinal,item) VALUES (58770,2,'46-11');
INSERT INTO items (receipt,ordinal,item) VALUES (58770,3,'45-CH');
INSERT INTO items (receipt,ordinal,item) VALUES (58770,4,'20-CA-7.5');
INSERT INTO items (receipt,ordinal,item) VALUES (84665,1,'90-BER-11');
INSERT INTO items (receipt,ordinal,item) VALUES (55944,1,'20-CA-7.5');
INSERT INTO items (receipt,ordinal,item) VALUES (55944,2,'90-LEM-11');
INSERT INTO items (receipt,ordinal,item) VALUES (55944,3,'70-R');
INSERT INTO items (receipt,ordinal,item) VALUES (55944,4,'70-R');
INSERT INTO items (receipt,ordinal,item) VALUES (55944,5,'50-CHS');
INSERT INTO items (receipt,ordinal,item) VALUES (42166,1,'70-M-VA-SM-DZ');
INSERT INTO items (receipt,ordinal,item) VALUES (16034,1,'46-11');
INSERT INTO items (receipt,ordinal,item) VALUES (16034,2,'26-8x10');
INSERT INTO items (receipt,ordinal,item) VALUES (16034,3,'45-CH');
INSERT INTO items (receipt,ordinal,item) VALUES (16034,4,'70-R');
INSERT INTO items (receipt,ordinal,item) VALUES (16034,5,'46-11');
INSERT INTO items (receipt,ordinal,item) VALUES (25906,1,'25-STR-9');
INSERT INTO items (receipt,ordinal,item) VALUES (27741,1,'90-BLK-PF');
INSERT INTO items (receipt,ordinal,item) VALUES (27741,2,'51-BC');
INSERT INTO items (receipt,ordinal,item) VALUES (27741,3,'90-APR-PF');
INSERT INTO items (receipt,ordinal,item) VALUES (64451,1,'90-BER-11');
INSERT INTO items (receipt,ordinal,item) VALUES (64451,2,'51-BC');
INSERT INTO items (receipt,ordinal,item) VALUES (64451,3,'24-8x10');
INSERT INTO items (receipt,ordinal,item) VALUES (64451,4,'90-BLK-PF');
INSERT INTO items (receipt,ordinal,item) VALUES (41028,1,'90-BER-11');
INSERT INTO items (receipt,ordinal,item) VALUES (73716,1,'90-PEC-11');
INSERT INTO items (receipt,ordinal,item) VALUES (73716,2,'90-ALM-I');
INSERT INTO items (receipt,ordinal,item) VALUES (73716,3,'70-LEM');
INSERT INTO items (receipt,ordinal,item) VALUES (73716,4,'50-CH');
INSERT INTO items (receipt,ordinal,item) VALUES (76667,1,'70-GON');
INSERT INTO items (receipt,ordinal,item) VALUES (76667,2,'90-LEM-11');
INSERT INTO items (receipt,ordinal,item) VALUES (21040,1,'70-R');
INSERT INTO items (receipt,ordinal,item) VALUES (21040,2,'20-BC-L-10');
INSERT INTO items (receipt,ordinal,item) VALUES (21040,3,'90-CH-PF');
INSERT INTO items (receipt,ordinal,item) VALUES (48332,1,'70-GA');
INSERT INTO items (receipt,ordinal,item) VALUES (48332,2,'70-R');
INSERT INTO items (receipt,ordinal,item) VALUES (35011,1,'50-CHS');
INSERT INTO items (receipt,ordinal,item) VALUES (95962,1,'90-APR-PF');
INSERT INTO items (receipt,ordinal,item) VALUES (95962,2,'90-CHR-11');
INSERT INTO items (receipt,ordinal,item) VALUES (95962,3,'50-CH');
INSERT INTO items (receipt,ordinal,item) VALUES (95962,4,'45-VA');
INSERT INTO items (receipt,ordinal,item) VALUES (44798,1,'90-APR-PF');
INSERT INTO items (receipt,ordinal,item) VALUES (44798,2,'90-CH-PF');
INSERT INTO items (receipt,ordinal,item) VALUES (44798,3,'90-APIE-10');
INSERT INTO items (receipt,ordinal,item) VALUES (44798,4,'90-APP-11');
INSERT INTO items (receipt,ordinal,item) VALUES (44798,5,'25-STR-9');
INSERT INTO items (receipt,ordinal,item) VALUES (60270,1,'20-BC-L-10');
INSERT INTO items (receipt,ordinal,item) VALUES (60270,2,'90-BLU-11');
INSERT INTO items (receipt,ordinal,item) VALUES (21162,1,'90-APP-11');
INSERT INTO items (receipt,ordinal,item) VALUES (21162,2,'70-TU');
INSERT INTO items (receipt,ordinal,item) VALUES (21162,3,'90-APR-PF');
INSERT INTO items (receipt,ordinal,item) VALUES (77406,1,'51-ATW');
INSERT INTO items (receipt,ordinal,item) VALUES (77406,2,'90-BLK-PF');
INSERT INTO items (receipt,ordinal,item) VALUES (77406,3,'50-APR');
INSERT INTO items (receipt,ordinal,item) VALUES (77406,4,'50-APR');
INSERT INTO items (receipt,ordinal,item) VALUES (77406,5,'24-8x10');
INSERT INTO items (receipt,ordinal,item) VALUES (32565,1,'50-APP');
INSERT INTO items (receipt,ordinal,item) VALUES (32565,2,'50-APP');
INSERT INTO items (receipt,ordinal,item) VALUES (32565,3,'45-VA');
INSERT INTO items (receipt,ordinal,item) VALUES (36343,1,'51-BC');
INSERT INTO items (receipt,ordinal,item) VALUES (36343,2,'51-BC');
INSERT INTO items (receipt,ordinal,item) VALUES (36343,3,'70-M-VA-SM-DZ');
INSERT INTO items (receipt,ordinal,item) VALUES (36343,4,'50-ALM');
INSERT INTO items (receipt,ordinal,item) VALUES (96619,1,'90-BLK-PF');
INSERT INTO items (receipt,ordinal,item) VALUES (86678,1,'70-M-VA-SM-DZ');
INSERT INTO items (receipt,ordinal,item) VALUES (86678,2,'90-LEM-11');
INSERT INTO items (receipt,ordinal,item) VALUES (44330,1,'70-R');
INSERT INTO items (receipt,ordinal,item) VALUES (44330,2,'90-BLU-11');
INSERT INTO items (receipt,ordinal,item) VALUES (91937,1,'51-BC');
INSERT INTO items (receipt,ordinal,item) VALUES (91937,2,'51-APR');
INSERT INTO items (receipt,ordinal,item) VALUES (21545,1,'90-BER-11');
INSERT INTO items (receipt,ordinal,item) VALUES (21545,2,'70-GA');
INSERT INTO items (receipt,ordinal,item) VALUES (21545,3,'50-ALM');
INSERT INTO items (receipt,ordinal,item) VALUES (21545,4,'90-BER-11');
INSERT INTO items (receipt,ordinal,item) VALUES (21545,5,'45-VA');
INSERT INTO items (receipt,ordinal,item) VALUES (29226,1,'90-PEC-11');
INSERT INTO items (receipt,ordinal,item) VALUES (29226,2,'90-APIE-10');
INSERT INTO items (receipt,ordinal,item) VALUES (29226,3,'51-BC');
INSERT INTO items (receipt,ordinal,item) VALUES (29226,4,'70-W');
INSERT INTO items (receipt,ordinal,item) VALUES (29226,5,'50-ALM');
INSERT INTO items (receipt,ordinal,item) VALUES (25121,1,'50-CHS');
INSERT INTO items (receipt,ordinal,item) VALUES (25121,2,'90-BER-11');
INSERT INTO items (receipt,ordinal,item) VALUES (25121,3,'45-CH');
INSERT INTO items (receipt,ordinal,item) VALUES (54935,1,'70-R');
INSERT INTO items (receipt,ordinal,item) VALUES (54935,2,'45-CH');
INSERT INTO items (receipt,ordinal,item) VALUES (36423,1,'45-VA');
INSERT INTO items (receipt,ordinal,item) VALUES (83437,1,'90-LEM-11');
INSERT INTO items (receipt,ordinal,item) VALUES (83437,2,'51-APR');
INSERT INTO items (receipt,ordinal,item) VALUES (49854,1,'90-BER-11');
INSERT INTO items (receipt,ordinal,item) VALUES (49854,2,'90-APP-11');
INSERT INTO items (receipt,ordinal,item) VALUES (99994,1,'25-STR-9');
INSERT INTO items (receipt,ordinal,item) VALUES (99994,2,'26-8x10');
INSERT INTO items (receipt,ordinal,item) VALUES (99994,3,'90-PEC-11');
INSERT INTO items (receipt,ordinal,item) VALUES (99994,4,'50-CH');
INSERT INTO items (receipt,ordinal,item) VALUES (21622,1,'45-CO');
INSERT INTO items (receipt,ordinal,item) VALUES (64861,1,'50-ALM');
INSERT INTO items (receipt,ordinal,item) VALUES (64861,2,'46-11');
INSERT INTO items (receipt,ordinal,item) VALUES (33456,1,'46-11');
INSERT INTO items (receipt,ordinal,item) VALUES (33456,2,'90-BLK-PF');
INSERT INTO items (receipt,ordinal,item) VALUES (75468,1,'70-M-CH-DZ');
INSERT INTO items (receipt,ordinal,item) VALUES (75468,2,'70-M-CH-DZ');
INSERT INTO items (receipt,ordinal,item) VALUES (75468,3,'90-CHR-11');
INSERT INTO items (receipt,ordinal,item) VALUES (56365,1,'50-APR');
INSERT INTO items (receipt,ordinal,item) VALUES (91192,1,'51-APP');
INSERT INTO items (receipt,ordinal,item) VALUES (91192,2,'51-ATW');
INSERT INTO items (receipt,ordinal,item) VALUES (91192,3,'50-APP');
INSERT INTO items (receipt,ordinal,item) VALUES (82056,1,'90-APP-11');
INSERT INTO items (receipt,ordinal,item) VALUES (82056,2,'50-CH');
INSERT INTO items (receipt,ordinal,item) VALUES (82056,3,'90-BLK-PF');
INSERT INTO items (receipt,ordinal,item) VALUES (82056,4,'45-CO');
INSERT INTO items (receipt,ordinal,item) VALUES (27192,1,'70-R');
INSERT INTO items (receipt,ordinal,item) VALUES (27192,2,'90-BLU-11');
INSERT INTO items (receipt,ordinal,item) VALUES (27192,3,'70-TU');
INSERT INTO items (receipt,ordinal,item) VALUES (59716,1,'51-APR');
INSERT INTO items (receipt,ordinal,item) VALUES (59716,2,'70-MAR');
INSERT INTO items (receipt,ordinal,item) VALUES (59716,3,'90-BLU-11');
INSERT INTO items (receipt,ordinal,item) VALUES (59716,4,'45-CO');
INSERT INTO items (receipt,ordinal,item) VALUES (59716,5,'90-APP-11');
INSERT INTO items (receipt,ordinal,item) VALUES (82795,1,'90-APR-PF');
INSERT INTO items (receipt,ordinal,item) VALUES (26240,1,'20-CA-7.5');
INSERT INTO items (receipt,ordinal,item) VALUES (56724,1,'70-M-VA-SM-DZ');
INSERT INTO items (receipt,ordinal,item) VALUES (70796,1,'45-CO');
INSERT INTO items (receipt,ordinal,item) VALUES (70796,2,'20-BC-L-10');
INSERT INTO items (receipt,ordinal,item) VALUES (70796,3,'45-CH');
INSERT INTO items (receipt,ordinal,item) VALUES (70796,4,'90-BLU-11');
INSERT INTO items (receipt,ordinal,item) VALUES (37636,1,'90-APR-PF');
INSERT INTO items (receipt,ordinal,item) VALUES (37636,2,'90-CH-PF');
INSERT INTO items (receipt,ordinal,item) VALUES (37636,3,'24-8x10');
INSERT INTO items (receipt,ordinal,item) VALUES (63998,1,'70-M-VA-SM-DZ');
INSERT INTO items (receipt,ordinal,item) VALUES (48981,1,'90-CHR-11');
INSERT INTO items (receipt,ordinal,item) VALUES (48981,2,'50-CHS');
INSERT INTO items (receipt,ordinal,item) VALUES (66704,1,'90-BER-11');
INSERT INTO items (receipt,ordinal,item) VALUES (66704,2,'51-APR');
INSERT INTO items (receipt,ordinal,item) VALUES (66704,3,'70-LEM');
INSERT INTO items (receipt,ordinal,item) VALUES (12698,1,'51-APP');
INSERT INTO items (receipt,ordinal,item) VALUES (12698,2,'70-R');
INSERT INTO items (receipt,ordinal,item) VALUES (12698,3,'26-8x10');
INSERT INTO items (receipt,ordinal,item) VALUES (79287,1,'90-PEC-11');
INSERT INTO items (receipt,ordinal,item) VALUES (79287,2,'45-VA');
INSERT INTO items (receipt,ordinal,item) VALUES (79287,3,'90-LEM-11');
INSERT INTO items (receipt,ordinal,item) VALUES (79287,4,'90-APP-11');
INSERT INTO items (receipt,ordinal,item) VALUES (79287,5,'51-BLU');
INSERT INTO items (receipt,ordinal,item) VALUES (55690,1,'70-M-CH-DZ');
INSERT INTO items (receipt,ordinal,item) VALUES (55690,2,'51-BLU');
INSERT INTO items (receipt,ordinal,item) VALUES (55690,3,'90-APP-11');
INSERT INTO items (receipt,ordinal,item) VALUES (94371,1,'51-BLU');
INSERT INTO items (receipt,ordinal,item) VALUES (26148,1,'20-CA-7.5');
INSERT INTO items (receipt,ordinal,item) VALUES (26148,2,'90-BLU-11');
INSERT INTO items (receipt,ordinal,item) VALUES (26148,3,'51-BLU');
INSERT INTO items (receipt,ordinal,item) VALUES (26148,4,'70-M-CH-DZ');
INSERT INTO items (receipt,ordinal,item) VALUES (11923,1,'70-LEM');
INSERT INTO items (receipt,ordinal,item) VALUES (46598,1,'70-R');
INSERT INTO items (receipt,ordinal,item) VALUES (46598,2,'70-W');
INSERT INTO items (receipt,ordinal,item) VALUES (46598,3,'70-R');
INSERT INTO items (receipt,ordinal,item) VALUES (76951,1,'51-BLU');
INSERT INTO items (receipt,ordinal,item) VALUES (85858,1,'20-CA-7.5');
INSERT INTO items (receipt,ordinal,item) VALUES (85858,2,'70-M-VA-SM-DZ');
INSERT INTO items (receipt,ordinal,item) VALUES (85858,3,'51-BLU');
INSERT INTO items (receipt,ordinal,item) VALUES (85881,1,'90-APP-11');
INSERT INTO items (receipt,ordinal,item) VALUES (89937,1,'51-BLU');
INSERT INTO items (receipt,ordinal,item) VALUES (89937,2,'51-BC');
INSERT INTO items (receipt,ordinal,item) VALUES (89937,3,'90-BER-11');
INSERT INTO items (receipt,ordinal,item) VALUES (89937,4,'70-R');
INSERT INTO items (receipt,ordinal,item) VALUES (66227,1,'90-APP-11');
INSERT INTO items (receipt,ordinal,item) VALUES (66227,2,'90-APIE-10');
INSERT INTO items (receipt,ordinal,item) VALUES (66227,3,'70-MAR');
INSERT INTO items (receipt,ordinal,item) VALUES (66227,4,'90-BLK-PF');
INSERT INTO items (receipt,ordinal,item) VALUES (60240,1,'90-APP-11');
INSERT INTO items (receipt,ordinal,item) VALUES (60240,2,'50-ALM');
INSERT INTO items (receipt,ordinal,item) VALUES (86085,1,'50-APR');
INSERT INTO items (receipt,ordinal,item) VALUES (86085,2,'50-APP');
INSERT INTO items (receipt,ordinal,item) VALUES (86085,3,'90-APR-PF');
INSERT INTO items (receipt,ordinal,item) VALUES (86085,4,'51-ATW');
INSERT INTO items (receipt,ordinal,item) VALUES (67314,1,'51-BC');
INSERT INTO items (receipt,ordinal,item) VALUES (67314,2,'50-CHS');
INSERT INTO items (receipt,ordinal,item) VALUES (67314,3,'70-TU');
INSERT INTO items (receipt,ordinal,item) VALUES (67314,4,'20-CA-7.5');
INSERT INTO items (receipt,ordinal,item) VALUES (10013,1,'70-M-CH-DZ');
INSERT INTO items (receipt,ordinal,item) VALUES (26741,1,'70-GA');
INSERT INTO items (receipt,ordinal,item) VALUES (26741,2,'50-APP');
INSERT INTO items (receipt,ordinal,item) VALUES (38157,1,'70-MAR');
INSERT INTO items (receipt,ordinal,item) VALUES (38157,2,'90-CHR-11');
INSERT INTO items (receipt,ordinal,item) VALUES (38157,3,'70-LEM');
INSERT INTO items (receipt,ordinal,item) VALUES (38157,4,'90-CHR-11');
INSERT INTO items (receipt,ordinal,item) VALUES (45873,1,'70-M-VA-SM-DZ');
INSERT INTO items (receipt,ordinal,item) VALUES (37540,1,'45-CO');
INSERT INTO items (receipt,ordinal,item) VALUES (37540,2,'51-APR');
INSERT INTO items (receipt,ordinal,item) VALUES (11891,1,'45-CO');
INSERT INTO items (receipt,ordinal,item) VALUES (11891,2,'50-APR');
INSERT INTO items (receipt,ordinal,item) VALUES (11891,3,'46-11');
INSERT INTO items (receipt,ordinal,item) VALUES (61797,1,'70-GON');
INSERT INTO items (receipt,ordinal,item) VALUES (61797,2,'90-CH-PF');
INSERT INTO items (receipt,ordinal,item) VALUES (61797,3,'70-M-VA-SM-DZ');
INSERT INTO items (receipt,ordinal,item) VALUES (61797,4,'70-M-CH-DZ');
INSERT INTO items (receipt,ordinal,item) VALUES (61797,5,'90-BER-11');
INSERT INTO items (receipt,ordinal,item) VALUES (52369,1,'90-CHR-11');
INSERT INTO items (receipt,ordinal,item) VALUES (52369,2,'70-TU');
INSERT INTO items (receipt,ordinal,item) VALUES (96430,1,'90-PEC-11');
INSERT INTO items (receipt,ordinal,item) VALUES (64301,1,'70-W');
INSERT INTO items (receipt,ordinal,item) VALUES (64301,2,'51-APR');
INSERT INTO items (receipt,ordinal,item) VALUES (64301,3,'90-BER-11');
INSERT INTO items (receipt,ordinal,item) VALUES (45976,1,'24-8x10');
INSERT INTO items (receipt,ordinal,item) VALUES (45976,2,'51-BC');
INSERT INTO items (receipt,ordinal,item) VALUES (39605,1,'90-BER-11');
INSERT INTO items (receipt,ordinal,item) VALUES (52013,1,'70-W');
INSERT INTO items (receipt,ordinal,item) VALUES (52013,2,'50-ALM');
INSERT INTO items (receipt,ordinal,item) VALUES (52013,3,'90-ALM-I');
INSERT INTO items (receipt,ordinal,item) VALUES (52013,4,'90-APP-11');
INSERT INTO items (receipt,ordinal,item) VALUES (88626,1,'90-APP-11');
INSERT INTO items (receipt,ordinal,item) VALUES (53376,1,'51-APR');
INSERT INTO items (receipt,ordinal,item) VALUES (53376,2,'90-CHR-11');
INSERT INTO items (receipt,ordinal,item) VALUES (53376,3,'90-APIE-10');
INSERT INTO items (receipt,ordinal,item) VALUES (53376,4,'46-11');
INSERT INTO items (receipt,ordinal,item) VALUES (53376,5,'90-BLU-11');
INSERT INTO items (receipt,ordinal,item) VALUES (15584,1,'70-LEM');
INSERT INTO items (receipt,ordinal,item) VALUES (73437,1,'70-M-CH-DZ');
INSERT INTO items (receipt,ordinal,item) VALUES (24200,1,'50-CHS');
INSERT INTO items (receipt,ordinal,item) VALUES (92252,1,'70-GON');
INSERT INTO items (receipt,ordinal,item) VALUES (92252,2,'51-ATW');
INSERT INTO items (receipt,ordinal,item) VALUES (92252,3,'51-BLU');
INSERT INTO items (receipt,ordinal,item) VALUES (92252,4,'45-VA');
INSERT INTO items (receipt,ordinal,item) VALUES (92252,5,'70-M-VA-SM-DZ');
INSERT INTO items (receipt,ordinal,item) VALUES (39685,1,'50-APP');
INSERT INTO items (receipt,ordinal,item) VALUES (39685,2,'70-M-CH-DZ');
INSERT INTO items (receipt,ordinal,item) VALUES (39685,3,'90-APR-PF');
INSERT INTO items (receipt,ordinal,item) VALUES (39685,4,'90-APIE-10');
INSERT INTO items (receipt,ordinal,item) VALUES (61378,1,'51-APR');
INSERT INTO items (receipt,ordinal,item) VALUES (61378,2,'90-BLK-PF');
INSERT INTO items (receipt,ordinal,item) VALUES (96761,1,'26-8x10');
INSERT INTO items (receipt,ordinal,item) VALUES (96761,2,'70-LEM');
INSERT INTO items (receipt,ordinal,item) VALUES (96761,3,'50-CHS');
INSERT INTO items (receipt,ordinal,item) VALUES (96761,4,'50-CHS');
INSERT INTO items (receipt,ordinal,item) VALUES (26198,1,'70-GA');
INSERT INTO items (receipt,ordinal,item) VALUES (26198,2,'70-GON');
INSERT INTO items (receipt,ordinal,item) VALUES (26198,3,'50-APP');
INSERT INTO items (receipt,ordinal,item) VALUES (26198,4,'20-BC-L-10');
INSERT INTO items (receipt,ordinal,item) VALUES (26198,5,'70-R');
INSERT INTO items (receipt,ordinal,item) VALUES (78179,1,'51-BLU');
INSERT INTO items (receipt,ordinal,item) VALUES (78179,2,'50-CHS');
INSERT INTO items (receipt,ordinal,item) VALUES (78179,3,'90-BLK-PF');
INSERT INTO items (receipt,ordinal,item) VALUES (78179,4,'45-CO');
INSERT INTO items (receipt,ordinal,item) VALUES (78179,5,'70-R');
INSERT INTO items (receipt,ordinal,item) VALUES (68890,1,'50-ALM');
INSERT INTO items (receipt,ordinal,item) VALUES (75526,1,'90-LEM-11');
INSERT INTO items (receipt,ordinal,item) VALUES (86162,1,'51-BLU');
INSERT INTO items (receipt,ordinal,item) VALUES (86162,2,'50-ALM');
INSERT INTO items (receipt,ordinal,item) VALUES (86162,3,'50-CHS');
INSERT INTO items (receipt,ordinal,item) VALUES (86162,4,'70-TU');
INSERT INTO items (receipt,ordinal,item) VALUES (86162,5,'50-ALM');
INSERT INTO items (receipt,ordinal,item) VALUES (13496,1,'70-W');
INSERT INTO items (receipt,ordinal,item) VALUES (13496,2,'90-ALM-I');
INSERT INTO items (receipt,ordinal,item) VALUES (13496,3,'51-ATW');
INSERT INTO items (receipt,ordinal,item) VALUES (13496,4,'50-APP');
INSERT INTO items (receipt,ordinal,item) VALUES (60469,1,'51-APR');
INSERT INTO items (receipt,ordinal,item) VALUES (50660,1,'70-TU');
INSERT INTO items (receipt,ordinal,item) VALUES (50660,2,'90-APIE-10');
INSERT INTO items (receipt,ordinal,item) VALUES (64553,1,'51-BC');
INSERT INTO items (receipt,ordinal,item) VALUES (64553,2,'90-APP-11');
INSERT INTO items (receipt,ordinal,item) VALUES (64553,3,'70-LEM');
INSERT INTO items (receipt,ordinal,item) VALUES (64553,4,'90-APP-11');
INSERT INTO items (receipt,ordinal,item) VALUES (57784,1,'90-CH-PF');
INSERT INTO items (receipt,ordinal,item) VALUES (84258,1,'51-APP');
INSERT INTO items (receipt,ordinal,item) VALUES (84258,2,'51-BC');
INSERT INTO items (receipt,ordinal,item) VALUES (68199,1,'51-APR');
INSERT INTO items (receipt,ordinal,item) VALUES (68199,2,'24-8x10');
INSERT INTO items (receipt,ordinal,item) VALUES (78187,1,'51-ATW');
INSERT INTO items (receipt,ordinal,item) VALUES (78187,2,'51-ATW');
INSERT INTO items (receipt,ordinal,item) VALUES (81517,1,'70-M-CH-DZ');
INSERT INTO items (receipt,ordinal,item) VALUES (81517,2,'51-ATW');
INSERT INTO items (receipt,ordinal,item) VALUES (18951,1,'51-APR');
INSERT INTO items (receipt,ordinal,item) VALUES (20411,1,'90-APP-11');
INSERT INTO items (receipt,ordinal,item) VALUES (20411,2,'90-APR-PF');
INSERT INTO items (receipt,ordinal,item) VALUES (55494,1,'90-APP-11');
INSERT INTO items (receipt,ordinal,item) VALUES (55494,2,'45-VA');
INSERT INTO items (receipt,ordinal,item) VALUES (42162,1,'70-M-VA-SM-DZ');
INSERT INTO items (receipt,ordinal,item) VALUES (49977,1,'26-8x10');
INSERT INTO items (receipt,ordinal,item) VALUES (49977,2,'45-CO');
INSERT INTO items (receipt,ordinal,item) VALUES (49977,3,'45-CH');
INSERT INTO items (receipt,ordinal,item) VALUES (49977,4,'20-BC-L-10');
INSERT INTO items (receipt,ordinal,item) VALUES (89638,1,'70-M-CH-DZ');
INSERT INTO items (receipt,ordinal,item) VALUES (89638,2,'70-M-CH-DZ');
INSERT INTO items (receipt,ordinal,item) VALUES (89638,3,'50-ALM');
INSERT INTO items (receipt,ordinal,item) VALUES (89638,4,'90-CH-PF');
INSERT INTO items (receipt,ordinal,item) VALUES (73438,1,'90-CHR-11');
INSERT INTO items (receipt,ordinal,item) VALUES (73438,2,'50-APR');
INSERT INTO items (receipt,ordinal,item) VALUES (96258,1,'90-CHR-11');
INSERT INTO items (receipt,ordinal,item) VALUES (96258,2,'90-BLK-PF');
INSERT INTO items (receipt,ordinal,item) VALUES (96258,3,'24-8x10');
INSERT INTO items (receipt,ordinal,item) VALUES (96258,4,'70-LEM');
INSERT INTO items (receipt,ordinal,item) VALUES (19258,1,'90-CHR-11');
INSERT INTO items (receipt,ordinal,item) VALUES (12800,1,'70-LEM');
INSERT INTO items (receipt,ordinal,item) VALUES (12800,2,'20-CA-7.5');
INSERT INTO items (receipt,ordinal,item) VALUES (12800,3,'90-ALM-I');
INSERT INTO items (receipt,ordinal,item) VALUES (12800,4,'90-APR-PF');
INSERT INTO items (receipt,ordinal,item) VALUES (81368,1,'50-CHS');
INSERT INTO items (receipt,ordinal,item) VALUES (81368,2,'90-CH-PF');
INSERT INTO items (receipt,ordinal,item) VALUES (70655,1,'26-8x10');
INSERT INTO items (receipt,ordinal,item) VALUES (70655,2,'70-TU');
INSERT INTO items (receipt,ordinal,item) VALUES (70655,3,'90-ALM-I');
INSERT INTO items (receipt,ordinal,item) VALUES (70655,4,'45-CO');
INSERT INTO items (receipt,ordinal,item) VALUES (19002,1,'26-8x10');
INSERT INTO items (receipt,ordinal,item) VALUES (19002,2,'25-STR-9');
INSERT INTO items (receipt,ordinal,item) VALUES (31874,1,'70-MAR');
INSERT INTO items (receipt,ordinal,item) VALUES (31874,2,'70-MAR');
INSERT INTO items (receipt,ordinal,item) VALUES (31874,3,'90-LEM-11');
INSERT INTO items (receipt,ordinal,item) VALUES (72207,1,'70-MAR');
INSERT INTO items (receipt,ordinal,item) VALUES (72207,2,'20-CA-7.5');
INSERT INTO items (receipt,ordinal,item) VALUES (65091,1,'51-APR');
INSERT INTO items (receipt,ordinal,item) VALUES (42833,1,'90-CHR-11');
INSERT INTO items (receipt,ordinal,item) VALUES (42833,2,'70-W');
INSERT INTO items (receipt,ordinal,item) VALUES (42833,3,'51-BC');
INSERT INTO items (receipt,ordinal,item) VALUES (72949,1,'51-APR');
INSERT INTO items (receipt,ordinal,item) VALUES (72949,2,'70-LEM');
INSERT INTO items (receipt,ordinal,item) VALUES (72949,3,'90-BLK-PF');
INSERT INTO items (receipt,ordinal,item) VALUES (72949,4,'51-BLU');
INSERT INTO items (receipt,ordinal,item) VALUES (72949,5,'70-W');
INSERT INTO items (receipt,ordinal,item) VALUES (46248,1,'70-M-CH-DZ');
INSERT INTO items (receipt,ordinal,item) VALUES (38849,1,'45-VA');
INSERT INTO items (receipt,ordinal,item) VALUES (38849,2,'70-M-VA-SM-DZ');
INSERT INTO items (receipt,ordinal,item) VALUES (38849,3,'46-11');
INSERT INTO items (receipt,ordinal,item) VALUES (38849,4,'51-ATW');
INSERT INTO items (receipt,ordinal,item) VALUES (38849,5,'50-APR');
INSERT INTO items (receipt,ordinal,item) VALUES (86861,1,'20-BC-L-10');
INSERT INTO items (receipt,ordinal,item) VALUES (86861,2,'50-CHS');
INSERT INTO items (receipt,ordinal,item) VALUES (86861,3,'70-GON');
INSERT INTO items (receipt,ordinal,item) VALUES (86861,4,'51-BLU');
INSERT INTO items (receipt,ordinal,item) VALUES (32701,1,'90-BLK-PF');
INSERT INTO items (receipt,ordinal,item) VALUES (32701,2,'50-APR');
INSERT INTO items (receipt,ordinal,item) VALUES (32701,3,'20-CA-7.5');
INSERT INTO items (receipt,ordinal,item) VALUES (89182,1,'51-APR');
INSERT INTO items (receipt,ordinal,item) VALUES (89182,2,'51-APP');
INSERT INTO items (receipt,ordinal,item) VALUES (89182,3,'70-LEM');
INSERT INTO items (receipt,ordinal,item) VALUES (89182,4,'50-ALM');
INSERT INTO items (receipt,ordinal,item) VALUES (89182,5,'45-CH');
INSERT INTO items (receipt,ordinal,item) VALUES (68753,1,'70-R');
INSERT INTO items (receipt,ordinal,item) VALUES (68753,2,'46-11');
INSERT INTO items (receipt,ordinal,item) VALUES (68753,3,'51-BLU');
INSERT INTO items (receipt,ordinal,item) VALUES (68753,4,'70-W');
INSERT INTO items (receipt,ordinal,item) VALUES (68753,5,'51-BC');
INSERT INTO items (receipt,ordinal,item) VALUES (39217,1,'90-ALM-I');
INSERT INTO items (receipt,ordinal,item) VALUES (39217,2,'51-ATW');
INSERT INTO items (receipt,ordinal,item) VALUES (39217,3,'45-CH');
INSERT INTO items (receipt,ordinal,item) VALUES (39217,4,'90-BLK-PF');
INSERT INTO items (receipt,ordinal,item) VALUES (96531,1,'24-8x10');
INSERT INTO items (receipt,ordinal,item) VALUES (96531,2,'50-APP');
INSERT INTO items (receipt,ordinal,item) VALUES (96531,3,'70-GA');
INSERT INTO items (receipt,ordinal,item) VALUES (96531,4,'50-CHS');
INSERT INTO items (receipt,ordinal,item) VALUES (53922,1,'70-M-VA-SM-DZ');
INSERT INTO items (receipt,ordinal,item) VALUES (53922,2,'46-11');
INSERT INTO items (receipt,ordinal,item) VALUES (53922,3,'20-BC-L-10');
INSERT INTO items (receipt,ordinal,item) VALUES (53922,4,'70-GON');
INSERT INTO items (receipt,ordinal,item) VALUES (64477,1,'70-TU');
INSERT INTO items (receipt,ordinal,item) VALUES (64477,2,'90-PEC-11');
INSERT INTO items (receipt,ordinal,item) VALUES (64477,3,'90-BLK-PF');
INSERT INTO items (receipt,ordinal,item) VALUES (64477,4,'51-ATW');
INSERT INTO items (receipt,ordinal,item) VALUES (64477,5,'20-CA-7.5');
INSERT INTO items (receipt,ordinal,item) VALUES (99058,1,'50-CHS');
INSERT INTO items (receipt,ordinal,item) VALUES (99058,2,'90-BLU-11');
INSERT INTO items (receipt,ordinal,item) VALUES (99058,3,'51-BLU');
INSERT INTO items (receipt,ordinal,item) VALUES (99058,4,'45-CH');
INSERT INTO items (receipt,ordinal,item) VALUES (99058,5,'90-CHR-11');
INSERT INTO items (receipt,ordinal,item) VALUES (77032,1,'50-CH');
INSERT INTO items (receipt,ordinal,item) VALUES (77032,2,'46-11');
INSERT INTO items (receipt,ordinal,item) VALUES (77032,3,'50-ALM');
INSERT INTO items (receipt,ordinal,item) VALUES (77032,4,'70-MAR');
INSERT INTO items (receipt,ordinal,item) VALUES (15286,1,'70-MAR');
INSERT INTO items (receipt,ordinal,item) VALUES (15286,2,'50-APP');
INSERT INTO items (receipt,ordinal,item) VALUES (15286,3,'90-APR-PF');
INSERT INTO items (receipt,ordinal,item) VALUES (59774,1,'51-BLU');
INSERT INTO items (receipt,ordinal,item) VALUES (59774,2,'70-GA');
INSERT INTO items (receipt,ordinal,item) VALUES (59774,3,'90-ALM-I');
INSERT INTO items (receipt,ordinal,item) VALUES (35073,1,'90-CHR-11');
INSERT INTO items (receipt,ordinal,item) VALUES (35073,2,'70-GON');
INSERT INTO items (receipt,ordinal,item) VALUES (34910,1,'51-APP');
INSERT INTO items (receipt,ordinal,item) VALUES (34910,2,'24-8x10');
INSERT INTO items (receipt,ordinal,item) VALUES (34910,3,'90-PEC-11');
INSERT INTO items (receipt,ordinal,item) VALUES (34910,4,'51-BC');
INSERT INTO items (receipt,ordinal,item) VALUES (17685,1,'20-BC-L-10');
INSERT INTO items (receipt,ordinal,item) VALUES (17685,2,'50-APP');
INSERT INTO items (receipt,ordinal,item) VALUES (17685,3,'51-ATW');
INSERT INTO items (receipt,ordinal,item) VALUES (17685,4,'70-MAR');
INSERT INTO items (receipt,ordinal,item) VALUES (45062,1,'50-CHS');
INSERT INTO items (receipt,ordinal,item) VALUES (45062,2,'20-CA-7.5');
INSERT INTO items (receipt,ordinal,item) VALUES (39109,1,'90-APIE-10');
INSERT INTO items (receipt,ordinal,item) VALUES (39109,2,'90-APP-11');
INSERT INTO items (receipt,ordinal,item) VALUES (37063,1,'70-TU');
INSERT INTO items (receipt,ordinal,item) VALUES (37063,2,'90-APP-11');
INSERT INTO items (receipt,ordinal,item) VALUES (37063,3,'70-W');
INSERT INTO items (receipt,ordinal,item) VALUES (18567,1,'70-LEM');
INSERT INTO items (receipt,ordinal,item) VALUES (18567,2,'90-APR-PF');
INSERT INTO items (receipt,ordinal,item) VALUES (37586,1,'70-TU');
INSERT INTO items (receipt,ordinal,item) VALUES (62707,1,'70-R');
INSERT INTO items (receipt,ordinal,item) VALUES (62707,2,'90-CHR-11');
INSERT INTO items (receipt,ordinal,item) VALUES (62707,3,'20-BC-L-10');
INSERT INTO items (receipt,ordinal,item) VALUES (62707,4,'90-APR-PF');
INSERT INTO items (receipt,ordinal,item) VALUES (28117,1,'90-CH-PF');
INSERT INTO items (receipt,ordinal,item) VALUES (28117,2,'50-APP');
INSERT INTO items (receipt,ordinal,item) VALUES (28117,3,'25-STR-9');
INSERT INTO items (receipt,ordinal,item) VALUES (64574,1,'51-ATW');
INSERT INTO items (receipt,ordinal,item) VALUES (64574,2,'70-TU');
INSERT INTO items (receipt,ordinal,item) VALUES (64574,3,'70-W');
INSERT INTO items (receipt,ordinal,item) VALUES (40305,1,'20-CA-7.5');
INSERT INTO items (receipt,ordinal,item) VALUES (40305,2,'70-GA');
INSERT INTO items (receipt,ordinal,item) VALUES (33060,1,'45-CO');
INSERT INTO items (receipt,ordinal,item) VALUES (33060,2,'46-11');
INSERT INTO items (receipt,ordinal,item) VALUES (33060,3,'90-BLK-PF');
INSERT INTO items (receipt,ordinal,item) VALUES (12396,1,'90-BER-11');
INSERT INTO items (receipt,ordinal,item) VALUES (12396,2,'70-M-VA-SM-DZ');
INSERT INTO items (receipt,ordinal,item) VALUES (12396,3,'51-BC');
INSERT INTO items (receipt,ordinal,item) VALUES (12396,4,'90-APR-PF');
INSERT INTO items (receipt,ordinal,item) VALUES (12396,5,'20-CA-7.5');
INSERT INTO items (receipt,ordinal,item) VALUES (43103,1,'70-M-CH-DZ');
INSERT INTO items (receipt,ordinal,item) VALUES (39575,1,'70-M-CH-DZ');
INSERT INTO items (receipt,ordinal,item) VALUES (70162,1,'46-11');
INSERT INTO items (receipt,ordinal,item) VALUES (70162,2,'70-M-CH-DZ');
INSERT INTO items (receipt,ordinal,item) VALUES (70162,3,'50-APR');
INSERT INTO items (receipt,ordinal,item) VALUES (70162,4,'70-MAR');
INSERT INTO items (receipt,ordinal,item) VALUES (23034,1,'70-M-CH-DZ');
INSERT INTO items (receipt,ordinal,item) VALUES (23034,2,'90-APR-PF');
INSERT INTO items (receipt,ordinal,item) VALUES (79296,1,'90-PEC-11');
INSERT INTO items (receipt,ordinal,item) VALUES (79296,2,'50-APR');
INSERT INTO items (receipt,ordinal,item) VALUES (79296,3,'90-ALM-I');
INSERT INTO items (receipt,ordinal,item) VALUES (79296,4,'51-BC');
INSERT INTO items (receipt,ordinal,item) VALUES (79296,5,'90-PEC-11');
INSERT INTO items (receipt,ordinal,item) VALUES (74741,1,'90-APP-11');
INSERT INTO items (receipt,ordinal,item) VALUES (74741,2,'51-APP');
INSERT INTO items (receipt,ordinal,item) VALUES (74741,3,'70-MAR');
INSERT INTO items (receipt,ordinal,item) VALUES (98806,1,'26-8x10');
INSERT INTO items (receipt,ordinal,item) VALUES (98806,2,'50-APR');
INSERT INTO items (receipt,ordinal,item) VALUES (98806,3,'90-APIE-10');
INSERT INTO items (receipt,ordinal,item) VALUES (98806,4,'51-APP');
INSERT INTO items (receipt,ordinal,item) VALUES (43752,1,'90-BLU-11');
INSERT INTO items (receipt,ordinal,item) VALUES (47353,1,'90-APR-PF');
INSERT INTO items (receipt,ordinal,item) VALUES (47353,2,'90-APIE-10');
INSERT INTO items (receipt,ordinal,item) VALUES (47353,3,'70-TU');
INSERT INTO items (receipt,ordinal,item) VALUES (47353,4,'90-BLK-PF');
INSERT INTO items (receipt,ordinal,item) VALUES (39829,1,'20-BC-L-10');
INSERT INTO items (receipt,ordinal,item) VALUES (87454,1,'90-APIE-10');
INSERT INTO items (receipt,ordinal,item) VALUES (87454,2,'50-APP');
INSERT INTO items (receipt,ordinal,item) VALUES (76663,1,'25-STR-9');
INSERT INTO items (receipt,ordinal,item) VALUES (76663,2,'90-APP-11');
INSERT INTO items (receipt,ordinal,item) VALUES (85492,1,'70-M-CH-DZ');
INSERT INTO items (receipt,ordinal,item) VALUES (85492,2,'25-STR-9');
INSERT INTO items (receipt,ordinal,item) VALUES (85492,3,'90-BLU-11');
INSERT INTO items (receipt,ordinal,item) VALUES (85492,4,'70-M-CH-DZ');
INSERT INTO items (receipt,ordinal,item) VALUES (48647,1,'51-BC');
INSERT INTO items (receipt,ordinal,item) VALUES (48647,2,'90-APIE-10');
INSERT INTO items (receipt,ordinal,item) VALUES (48647,3,'90-CHR-11');
INSERT INTO items (receipt,ordinal,item) VALUES (61008,1,'20-CA-7.5');
INSERT INTO items (receipt,ordinal,item) VALUES (61008,2,'90-APP-11');
INSERT INTO items (receipt,ordinal,item) VALUES (96402,1,'50-ALM');
INSERT INTO items (receipt,ordinal,item) VALUES (96402,2,'20-CA-7.5');
INSERT INTO items (receipt,ordinal,item) VALUES (96402,3,'90-APP-11');
INSERT INTO items (receipt,ordinal,item) VALUES (35904,1,'46-11');
INSERT INTO items (receipt,ordinal,item) VALUES (35904,2,'90-APR-PF');
INSERT INTO items (receipt,ordinal,item) VALUES (49845,1,'90-BLK-PF');
INSERT INTO items (receipt,ordinal,item) VALUES (49845,2,'70-LEM');
INSERT INTO items (receipt,ordinal,item) VALUES (49845,3,'50-CH');
INSERT INTO items (receipt,ordinal,item) VALUES (49845,4,'90-PEC-11');
INSERT INTO items (receipt,ordinal,item) VALUES (46014,1,'51-ATW');
INSERT INTO items (receipt,ordinal,item) VALUES (46014,2,'90-APR-PF');
INSERT INTO items (receipt,ordinal,item) VALUES (46014,3,'45-VA');
INSERT INTO items (receipt,ordinal,item) VALUES (46014,4,'90-CH-PF');
INSERT INTO items (receipt,ordinal,item) VALUES (46014,5,'90-BLK-PF');
INSERT INTO items (receipt,ordinal,item) VALUES (46876,1,'70-TU');
INSERT INTO items (receipt,ordinal,item) VALUES (46876,2,'51-APP');
INSERT INTO items (receipt,ordinal,item) VALUES (34579,1,'24-8x10');
INSERT INTO items (receipt,ordinal,item) VALUES (34579,2,'70-GA');
INSERT INTO items (receipt,ordinal,item) VALUES (34579,3,'70-TU');
INSERT INTO items (receipt,ordinal,item) VALUES (34579,4,'26-8x10');
INSERT INTO items (receipt,ordinal,item) VALUES (17729,1,'51-ATW');
INSERT INTO items (receipt,ordinal,item) VALUES (17729,2,'50-APP');
INSERT INTO items (receipt,ordinal,item) VALUES (17729,3,'90-BLU-11');
INSERT INTO items (receipt,ordinal,item) VALUES (17729,4,'90-CH-PF');
INSERT INTO items (receipt,ordinal,item) VALUES (17729,5,'20-CA-7.5');
INSERT INTO items (receipt,ordinal,item) VALUES (74952,1,'45-VA');
INSERT INTO items (receipt,ordinal,item) VALUES (74952,2,'90-APP-11');
INSERT INTO items (receipt,ordinal,item) VALUES (74952,3,'90-BER-11');
INSERT INTO items (receipt,ordinal,item) VALUES (61948,1,'70-MAR');
INSERT INTO items (receipt,ordinal,item) VALUES (61948,2,'70-GON');
INSERT INTO items (receipt,ordinal,item) VALUES (61948,3,'45-CH');
INSERT INTO items (receipt,ordinal,item) VALUES (61948,4,'24-8x10');
INSERT INTO items (receipt,ordinal,item) VALUES (41064,1,'70-R');
INSERT INTO items (receipt,ordinal,item) VALUES (41064,2,'90-APR-PF');
INSERT INTO items (receipt,ordinal,item) VALUES (41064,3,'51-APP');
INSERT INTO items (receipt,ordinal,item) VALUES (17947,1,'50-APP');
INSERT INTO items (receipt,ordinal,item) VALUES (20913,1,'90-LEM-11');
INSERT INTO items (receipt,ordinal,item) VALUES (20913,2,'70-M-CH-DZ');
INSERT INTO items (receipt,ordinal,item) VALUES (20913,3,'70-LEM');
INSERT INTO items (receipt,ordinal,item) VALUES (95514,1,'45-CH');
INSERT INTO items (receipt,ordinal,item) VALUES (95514,2,'46-11');
INSERT INTO items (receipt,ordinal,item) VALUES (95514,3,'70-MAR');
INSERT INTO items (receipt,ordinal,item) VALUES (95514,4,'51-APP');
INSERT INTO items (receipt,ordinal,item) VALUES (24829,1,'20-CA-7.5');
INSERT INTO items (receipt,ordinal,item) VALUES (44590,1,'90-BLU-11');
INSERT INTO items (receipt,ordinal,item) VALUES (44590,2,'24-8x10');
INSERT INTO items (receipt,ordinal,item) VALUES (44590,3,'90-BLU-11');
INSERT INTO items (receipt,ordinal,item) VALUES (44590,4,'45-CH');
INSERT INTO items (receipt,ordinal,item) VALUES (44590,5,'90-PEC-11');
INSERT INTO items (receipt,ordinal,item) VALUES (65165,1,'24-8x10');
INSERT INTO items (receipt,ordinal,item) VALUES (65165,2,'90-ALM-I');
INSERT INTO items (receipt,ordinal,item) VALUES (65165,3,'70-R');
INSERT INTO items (receipt,ordinal,item) VALUES (65165,4,'45-CO');
INSERT INTO items (receipt,ordinal,item) VALUES (89588,1,'90-BLK-PF');
INSERT INTO items (receipt,ordinal,item) VALUES (53240,1,'25-STR-9');
INSERT INTO items (receipt,ordinal,item) VALUES (53240,2,'51-ATW');
INSERT INTO items (receipt,ordinal,item) VALUES (46674,1,'51-BC');
INSERT INTO items (receipt,ordinal,item) VALUES (67946,1,'90-PEC-11');
INSERT INTO items (receipt,ordinal,item) VALUES (67946,2,'90-APR-PF');
INSERT INTO items (receipt,ordinal,item) VALUES (67946,3,'90-APR-PF');
INSERT INTO items (receipt,ordinal,item) VALUES (67946,4,'90-LEM-11');
INSERT INTO items (receipt,ordinal,item) VALUES (31233,1,'70-M-VA-SM-DZ');
INSERT INTO items (receipt,ordinal,item) VALUES (31233,2,'50-APR');
INSERT INTO items (receipt,ordinal,item) VALUES (31233,3,'50-CHS');
INSERT INTO items (receipt,ordinal,item) VALUES (31233,4,'51-BC');
INSERT INTO items (receipt,ordinal,item) VALUES (15904,1,'90-CH-PF');
INSERT INTO items (receipt,ordinal,item) VALUES (17488,1,'50-APP');
INSERT INTO items (receipt,ordinal,item) VALUES (97097,1,'70-MAR');
INSERT INTO items (receipt,ordinal,item) VALUES (50512,1,'90-APP-11');
INSERT INTO items (receipt,ordinal,item) VALUES (11548,1,'45-CO');
INSERT INTO items (receipt,ordinal,item) VALUES (11548,2,'90-APIE-10');
INSERT INTO items (receipt,ordinal,item) VALUES (29908,1,'45-VA');
INSERT INTO items (receipt,ordinal,item) VALUES (29908,2,'51-ATW');
INSERT INTO items (receipt,ordinal,item) VALUES (29908,3,'25-STR-9');
INSERT INTO items (receipt,ordinal,item) VALUES (29908,4,'70-GA');
INSERT INTO items (receipt,ordinal,item) VALUES (29908,5,'90-CH-PF');
INSERT INTO items (receipt,ordinal,item) VALUES (20127,1,'90-BER-11');
INSERT INTO items (receipt,ordinal,item) VALUES (20127,2,'70-M-CH-DZ');
INSERT INTO items (receipt,ordinal,item) VALUES (41963,1,'50-ALM');
INSERT INTO items (receipt,ordinal,item) VALUES (41963,2,'90-CH-PF');
INSERT INTO items (receipt,ordinal,item) VALUES (16532,1,'50-APP');
INSERT INTO items (receipt,ordinal,item) VALUES (16532,2,'70-MAR');
INSERT INTO items (receipt,ordinal,item) VALUES (16532,3,'70-TU');
INSERT INTO items (receipt,ordinal,item) VALUES (16532,4,'24-8x10');
INSERT INTO items (receipt,ordinal,item) VALUES (34378,1,'90-CHR-11');
INSERT INTO items (receipt,ordinal,item) VALUES (34378,2,'45-VA');
