INSERT INTO Albums(id,title,year,label,type) VALUES (1,'Le Pop',2008,'Propeller Recordings','Studio');
INSERT INTO Albums(id,title,year,label,type) VALUES (2,'A Kiss Before You Go',2011,'Propeller Recordings','Studio');
INSERT INTO Albums(id,title,year,label,type) VALUES (3,'A Kiss Before You Go: Live in Hamburg',2012,'Universal Music Group','Live');
INSERT INTO Albums(id,title,year,label,type) VALUES (4,'Rockland',2015,'Propeller Recordings','Studio');
INSERT INTO Band(firstName,lastName) VALUES ('Solveig','Heilo');
INSERT INTO Band(firstName,lastName) VALUES ('Marianne','Sveen');
INSERT INTO Band(firstName,lastName) VALUES ('Anne-Marit','Bergheim');
INSERT INTO Band(firstName,lastName) VALUES ('Turid','Jorgensen');
 INSERT INTO Songs(title) VALUES ('Overture');
INSERT INTO Songs(title) VALUES ('A Bar In Amsterdam');
INSERT INTO Songs(title) VALUES ('Demon Kitty Rag');
INSERT INTO Songs(title) VALUES ('Tea With Cinnamon');
INSERT INTO Songs(title) VALUES ('Hey Ho on the Devil''s Back');
INSERT INTO Songs(title) VALUES ('Wading in Deeper');
INSERT INTO Songs(title) VALUES ('Le Pop');
INSERT INTO Songs(title) VALUES ('Der Kapitan');
INSERT INTO Songs(title) VALUES ('Virginia Clemm');
INSERT INTO Songs(title) VALUES ('Play My Darling\,  Play');
INSERT INTO Songs(title) VALUES ('To the Sea');
INSERT INTO Songs(title) VALUES ('Mother Superior');
INSERT INTO Songs(title) VALUES ('Ain\'t no Thang');
INSERT INTO Songs(title) VALUES ('A Kiss Before You Go');
INSERT INTO Songs(title) VALUES ('I Will Dance (When I Walk Away)');
INSERT INTO Songs(title) VALUES ('Cherry Pie');
INSERT INTO Songs(title) VALUES ('Land of Confusion');
INSERT INTO Songs(title) VALUES ('Lady Marlene');
INSERT INTO Songs(title) VALUES ('Rock-Paper-Scissors');
INSERT INTO Songs(title) VALUES ('Cocktails and Ruby Slippers');
INSERT INTO Songs(title) VALUES ('Soviet Trumpeter');
INSERT INTO Songs(title) VALUES ('Loathsome M');
INSERT INTO Songs(title) VALUES ('Shepherds Song');
INSERT INTO Songs(title) VALUES ('Gypsy Flee');
INSERT INTO Songs(title) VALUES ('God\'s Great Dust Storm');
INSERT INTO Songs(title) VALUES ('Ouch');
INSERT INTO Songs(title) VALUES ('Listening to the World');
INSERT INTO Songs(title) VALUES ('Johnny Blowtorch');
INSERT INTO Songs(title) VALUES ('Flash');
INSERT INTO Songs(title) VALUES ('Driving After You');
INSERT INTO Songs(title) VALUES ('My Own Tune');
INSERT INTO Songs(title) VALUES ('Badlands');
INSERT INTO Songs(title) VALUES ('Old De Spain');
INSERT INTO Songs(title) VALUES ('Oh My God');
INSERT INTO Songs(title) VALUES ('Lady Gray');
INSERT INTO Songs(title) VALUES ('Shine Like Neon Rays');
INSERT INTO Songs(title) VALUES ('Flash in the Dark');
INSERT INTO Songs(title) VALUES ('My Dear');
INSERT INTO Songs(title) VALUES ('Bad Girl');
INSERT INTO Songs(title) VALUES ('Rockland');
INSERT INTO Songs(title) VALUES ('Curvaceous Needs');
INSERT INTO Songs(title) VALUES ('Borka');
INSERT INTO Songs(title) VALUES ('Let it Snow');
INSERT INTO Instruments(songId,bandmateId,instrument) VALUES (1,1,'trumpet');
INSERT INTO Instruments(songId,bandmateId,instrument) VALUES (1,2,'keyboard');
INSERT INTO Instruments(songId,bandmateId,instrument) VALUES (1,3,'accordion');
INSERT INTO Instruments(songId,bandmateId,instrument) VALUES (1,4,'bass balalaika');
INSERT INTO Instruments(songId,bandmateId,instrument) VALUES (2,1,'trumpet');
INSERT INTO Instruments(songId,bandmateId,instrument) VALUES (2,2,'drums');
INSERT INTO Instruments(songId,bandmateId,instrument) VALUES (2,3,'guitar');
INSERT INTO Instruments(songId,bandmateId,instrument) VALUES (2,4,'bass balalaika');
INSERT INTO Instruments(songId,bandmateId,instrument) VALUES (3,1,'drums');
INSERT INTO Instruments(songId,bandmateId,instrument) VALUES (3,1,'ukalele');
INSERT INTO Instruments(songId,bandmateId,instrument) VALUES (3,2,'banjo');
INSERT INTO Instruments(songId,bandmateId,instrument) VALUES (3,3,'bass balalaika');
INSERT INTO Instruments(songId,bandmateId,instrument) VALUES (3,4,'keyboards');
INSERT INTO Instruments(songId,bandmateId,instrument) VALUES (4,1,'drums');
INSERT INTO Instruments(songId,bandmateId,instrument) VALUES (4,2,'ukalele');
INSERT INTO Instruments(songId,bandmateId,instrument) VALUES (4,3,'accordion');
INSERT INTO Instruments(songId,bandmateId,instrument) VALUES (4,4,'bass balalaika');
INSERT INTO Instruments(songId,bandmateId,instrument) VALUES (5,1,'drums');
INSERT INTO Instruments(songId,bandmateId,instrument) VALUES (5,2,'keyboards');
INSERT INTO Instruments(songId,bandmateId,instrument) VALUES (5,3,'guitar');
INSERT INTO Instruments(songId,bandmateId,instrument) VALUES (5,4,'bass balalaika');
INSERT INTO Instruments(songId,bandmateId,instrument) VALUES (6,1,'xylophone');
INSERT INTO Instruments(songId,bandmateId,instrument) VALUES (6,2,'guitar');
INSERT INTO Instruments(songId,bandmateId,instrument) VALUES (6,3,'keyboards');
INSERT INTO Instruments(songId,bandmateId,instrument) VALUES (6,4,'mandolin');
INSERT INTO Instruments(songId,bandmateId,instrument) VALUES (7,1,'drums');
INSERT INTO Instruments(songId,bandmateId,instrument) VALUES (7,2,'keyboards');
INSERT INTO Instruments(songId,bandmateId,instrument) VALUES (7,3,'guitar');
INSERT INTO Instruments(songId,bandmateId,instrument) VALUES (7,4,'bass balalaika');
INSERT INTO Instruments(songId,bandmateId,instrument) VALUES (8,1,'trumpet');
INSERT INTO Instruments(songId,bandmateId,instrument) VALUES (8,1,'drums');
INSERT INTO Instruments(songId,bandmateId,instrument) VALUES (8,2,'keyboards');
INSERT INTO Instruments(songId,bandmateId,instrument) VALUES (8,3,'accordion');
INSERT INTO Instruments(songId,bandmateId,instrument) VALUES (8,4,'bass balalaika');
INSERT INTO Instruments(songId,bandmateId,instrument) VALUES (9,1,'xylophone');
INSERT INTO Instruments(songId,bandmateId,instrument) VALUES (9,2,'keyboards');
INSERT INTO Instruments(songId,bandmateId,instrument) VALUES (9,3,'bass balalaika');
INSERT INTO Instruments(songId,bandmateId,instrument) VALUES (9,4,'accordion');
INSERT INTO Instruments(songId,bandmateId,instrument) VALUES (10,1,'guitar');
INSERT INTO Instruments(songId,bandmateId,instrument) VALUES (10,1,'harmonica');
INSERT INTO Instruments(songId,bandmateId,instrument) VALUES (10,2,'bass balalaika');
INSERT INTO Instruments(songId,bandmateId,instrument) VALUES (10,3,'mandolin');
INSERT INTO Instruments(songId,bandmateId,instrument) VALUES (10,4,'banjo');
INSERT INTO Instruments(songId,bandmateId,instrument) VALUES (11,1,'bass balalaika');
INSERT INTO Instruments(songId,bandmateId,instrument) VALUES (11,2,'keyboards');
INSERT INTO Instruments(songId,bandmateId,instrument) VALUES (11,3,'accordion');
INSERT INTO Instruments(songId,bandmateId,instrument) VALUES (11,4,'drums');
INSERT INTO Instruments(songId,bandmateId,instrument) VALUES (12,1,'bass balalaika');
INSERT INTO Instruments(songId,bandmateId,instrument) VALUES (12,2,'accordion');
INSERT INTO Instruments(songId,bandmateId,instrument) VALUES (12,3,'keyboards');
INSERT INTO Instruments(songId,bandmateId,instrument) VALUES (12,4,'mandolin');
INSERT INTO Instruments(songId,bandmateId,instrument) VALUES (13,1,'drums');
INSERT INTO Instruments(songId,bandmateId,instrument) VALUES (13,2,'guitar');
INSERT INTO Instruments(songId,bandmateId,instrument) VALUES (13,2,'plastic kazoo');
INSERT INTO Instruments(songId,bandmateId,instrument) VALUES (13,3,'mandolin');
INSERT INTO Instruments(songId,bandmateId,instrument) VALUES (13,4,'bass balalaika');
INSERT INTO Instruments(songId,bandmateId,instrument) VALUES (14,1,'drums');
INSERT INTO Instruments(songId,bandmateId,instrument) VALUES (14,2,'keyboards');
INSERT INTO Instruments(songId,bandmateId,instrument) VALUES (14,3,'keyboards');
INSERT INTO Instruments(songId,bandmateId,instrument) VALUES (14,4,'accordion');
INSERT INTO Instruments(songId,bandmateId,instrument) VALUES (15,1,'guitar');
INSERT INTO Instruments(songId,bandmateId,instrument) VALUES (15,2,'bass balalaika');
INSERT INTO Instruments(songId,bandmateId,instrument) VALUES (15,3,'xylophone');
INSERT INTO Instruments(songId,bandmateId,instrument) VALUES (15,3,'accordion');
INSERT INTO Instruments(songId,bandmateId,instrument) VALUES (15,3,'harmonica');
INSERT INTO Instruments(songId,bandmateId,instrument) VALUES (15,4,'mandolin');
INSERT INTO Instruments(songId,bandmateId,instrument) VALUES (15,4,'drums');
INSERT INTO Instruments(songId,bandmateId,instrument) VALUES (16,1,'washboard');
INSERT INTO Instruments(songId,bandmateId,instrument) VALUES (16,2,'ukalele');
INSERT INTO Instruments(songId,bandmateId,instrument) VALUES (16,3,'banjo');
INSERT INTO Instruments(songId,bandmateId,instrument) VALUES (16,4,'bass balalaika');
INSERT INTO Instruments(songId,bandmateId,instrument) VALUES (17,1,'drums');
INSERT INTO Instruments(songId,bandmateId,instrument) VALUES (17,2,'guitar');
INSERT INTO Instruments(songId,bandmateId,instrument) VALUES (17,3,'keyboards');
INSERT INTO Instruments(songId,bandmateId,instrument) VALUES (17,4,'bass balalaika');
INSERT INTO Instruments(songId,bandmateId,instrument) VALUES (18,1,'keyboards');
INSERT INTO Instruments(songId,bandmateId,instrument) VALUES (18,2,'banjo');
INSERT INTO Instruments(songId,bandmateId,instrument) VALUES (18,3,'keyboards');
INSERT INTO Instruments(songId,bandmateId,instrument) VALUES (18,4,'xylophone');
INSERT INTO Instruments(songId,bandmateId,instrument) VALUES (19,1,'banjo');
INSERT INTO Instruments(songId,bandmateId,instrument) VALUES (19,2,'bass balalaika');
INSERT INTO Instruments(songId,bandmateId,instrument) VALUES (19,3,'mandolin');
INSERT INTO Instruments(songId,bandmateId,instrument) VALUES (19,4,'drums');
INSERT INTO Instruments(songId,bandmateId,instrument) VALUES (19,4,'accordion');
INSERT INTO Instruments(songId,bandmateId,instrument) VALUES (20,1,'keyboards');
INSERT INTO Instruments(songId,bandmateId,instrument) VALUES (20,2,'drums');
INSERT INTO Instruments(songId,bandmateId,instrument) VALUES (20,3,'guitar');
INSERT INTO Instruments(songId,bandmateId,instrument) VALUES (20,4,'bass balalaika');
INSERT INTO Instruments(songId,bandmateId,instrument) VALUES (21,1,'trumpet');
INSERT INTO Instruments(songId,bandmateId,instrument) VALUES (21,1,'keyboards');
INSERT INTO Instruments(songId,bandmateId,instrument) VALUES (21,2,'keyboards');
INSERT INTO Instruments(songId,bandmateId,instrument) VALUES (21,3,'banjo');
INSERT INTO Instruments(songId,bandmateId,instrument) VALUES (21,4,'xylophone');
INSERT INTO Instruments(songId,bandmateId,instrument) VALUES (21,4,'mandoline');
INSERT INTO Instruments(songId,bandmateId,instrument) VALUES (22,1,'guitar');
INSERT INTO Instruments(songId,bandmateId,instrument) VALUES (22,2,'drums');
INSERT INTO Instruments(songId,bandmateId,instrument) VALUES (22,3,'banjo');
INSERT INTO Instruments(songId,bandmateId,instrument) VALUES (22,4,'bass balalaika');
INSERT INTO Instruments(songId,bandmateId,instrument) VALUES (23,1,'domra');
INSERT INTO Instruments(songId,bandmateId,instrument) VALUES (23,2,'ukalele');
INSERT INTO Instruments(songId,bandmateId,instrument) VALUES (23,3,'mandolin');
INSERT INTO Instruments(songId,bandmateId,instrument) VALUES (23,4,'bass balalaika');
INSERT INTO Instruments(songId,bandmateId,instrument) VALUES (24,1,'drums');
INSERT INTO Instruments(songId,bandmateId,instrument) VALUES (24,2,'guitar');
INSERT INTO Instruments(songId,bandmateId,instrument) VALUES (24,3,'keyboards');
INSERT INTO Instruments(songId,bandmateId,instrument) VALUES (24,4,'bass balalaika');
INSERT INTO Instruments(songId,bandmateId,instrument) VALUES (25,1,'drums');
INSERT INTO Instruments(songId,bandmateId,instrument) VALUES (26,1,'drums');
INSERT INTO Instruments(songId,bandmateId,instrument) VALUES (26,2,'guitar');
INSERT INTO Instruments(songId,bandmateId,instrument) VALUES (26,3,'banjo');
INSERT INTO Instruments(songId,bandmateId,instrument) VALUES (26,4,'bass balalaika');
INSERT INTO Instruments(songId,bandmateId,instrument) VALUES (27,1,'drums');
INSERT INTO Instruments(songId,bandmateId,instrument) VALUES (27,2,'guitar');
INSERT INTO Instruments(songId,bandmateId,instrument) VALUES (27,3,'banjo');
INSERT INTO Instruments(songId,bandmateId,instrument) VALUES (27,4,'bass balalaika');
INSERT INTO Instruments(songId,bandmateId,instrument) VALUES (28,1,'drums');
INSERT INTO Instruments(songId,bandmateId,instrument) VALUES (28,2,'bass balalaika');
INSERT INTO Instruments(songId,bandmateId,instrument) VALUES (28,3,'guitar');
INSERT INTO Instruments(songId,bandmateId,instrument) VALUES (28,4,'mandolin');
INSERT INTO Instruments(songId,bandmateId,instrument) VALUES (29,1,'drums');
INSERT INTO Instruments(songId,bandmateId,instrument) VALUES (29,2,'keyboards');
INSERT INTO Instruments(songId,bandmateId,instrument) VALUES (29,3,'guitar');
INSERT INTO Instruments(songId,bandmateId,instrument) VALUES (29,4,'bass balalaika');
INSERT INTO Instruments(songId,bandmateId,instrument) VALUES (30,1,'drums');
INSERT INTO Instruments(songId,bandmateId,instrument) VALUES (30,2,'keyboards');
INSERT INTO Instruments(songId,bandmateId,instrument) VALUES (30,3,'guitar');
INSERT INTO Instruments(songId,bandmateId,instrument) VALUES (30,4,'bass balalaika');
INSERT INTO Instruments(songId,bandmateId,instrument) VALUES (31,1,'drums');
INSERT INTO Instruments(songId,bandmateId,instrument) VALUES (31,2,'guitar');
INSERT INTO Instruments(songId,bandmateId,instrument) VALUES (31,2,'toy piano');
INSERT INTO Instruments(songId,bandmateId,instrument) VALUES (31,3,'ukalele');
INSERT INTO Instruments(songId,bandmateId,instrument) VALUES (31,4,'bass balalaika');
INSERT INTO Instruments(songId,bandmateId,instrument) VALUES (32,1,'guitar');
INSERT INTO Instruments(songId,bandmateId,instrument) VALUES (32,2,'banjo');
INSERT INTO Instruments(songId,bandmateId,instrument) VALUES (32,3,'drums');
INSERT INTO Instruments(songId,bandmateId,instrument) VALUES (32,4,'bass balalaika');
INSERT INTO Instruments(songId,bandmateId,instrument) VALUES (33,1,'ukalele');
INSERT INTO Instruments(songId,bandmateId,instrument) VALUES (33,2,'guitar');
INSERT INTO Instruments(songId,bandmateId,instrument) VALUES (33,3,'banjo');
INSERT INTO Instruments(songId,bandmateId,instrument) VALUES (33,4,'bass balalaika');
INSERT INTO Instruments(songId,bandmateId,instrument) VALUES (34,1,'ukalele');
INSERT INTO Instruments(songId,bandmateId,instrument) VALUES (34,2,'drums');
INSERT INTO Instruments(songId,bandmateId,instrument) VALUES (34,3,'accordion');
INSERT INTO Instruments(songId,bandmateId,instrument) VALUES (34,4,'bass');
INSERT INTO Instruments(songId,bandmateId,instrument) VALUES (35,1,'ukalele');
INSERT INTO Instruments(songId,bandmateId,instrument) VALUES (35,2,'guitar');
INSERT INTO Instruments(songId,bandmateId,instrument) VALUES (35,3,'mandolin');
INSERT INTO Instruments(songId,bandmateId,instrument) VALUES (35,4,'bass');
INSERT INTO Instruments(songId,bandmateId,instrument) VALUES (36,1,'toy piano');
INSERT INTO Instruments(songId,bandmateId,instrument) VALUES (36,1,'ukalele');
INSERT INTO Instruments(songId,bandmateId,instrument) VALUES (36,2,'drums');
INSERT INTO Instruments(songId,bandmateId,instrument) VALUES (36,3,'guitar');
INSERT INTO Instruments(songId,bandmateId,instrument) VALUES (36,4,'bass');
INSERT INTO Instruments(songId,bandmateId,instrument) VALUES (37,1,'drums');
INSERT INTO Instruments(songId,bandmateId,instrument) VALUES (37,2,'keyboards');
INSERT INTO Instruments(songId,bandmateId,instrument) VALUES (37,3,'guitar');
INSERT INTO Instruments(songId,bandmateId,instrument) VALUES (37,4,'bass');
INSERT INTO Instruments(songId,bandmateId,instrument) VALUES (38,1,'drums');
INSERT INTO Instruments(songId,bandmateId,instrument) VALUES (38,2,'bass');
INSERT INTO Instruments(songId,bandmateId,instrument) VALUES (38,3,'guitar');
INSERT INTO Instruments(songId,bandmateId,instrument) VALUES (38,4,'guitar');
INSERT INTO Instruments(songId,bandmateId,instrument) VALUES (39,1,'ukalele');
INSERT INTO Instruments(songId,bandmateId,instrument) VALUES (39,2,'bass');
INSERT INTO Instruments(songId,bandmateId,instrument) VALUES (39,3,'dobro');
INSERT INTO Instruments(songId,bandmateId,instrument) VALUES (39,4,'drums');
INSERT INTO Instruments(songId,bandmateId,instrument) VALUES (39,4,'banjo');
INSERT INTO Instruments(songId,bandmateId,instrument) VALUES (40,1,'guitar');
INSERT INTO Instruments(songId,bandmateId,instrument) VALUES (40,2,'bass');
INSERT INTO Instruments(songId,bandmateId,instrument) VALUES (40,3,'small guitar');
INSERT INTO Instruments(songId,bandmateId,instrument) VALUES (40,4,'accordion');
INSERT INTO Instruments(songId,bandmateId,instrument) VALUES (41,1,'drums');
INSERT INTO Instruments(songId,bandmateId,instrument) VALUES (41,2,'guitar');
INSERT INTO Instruments(songId,bandmateId,instrument) VALUES (41,3,'banjo');
INSERT INTO Instruments(songId,bandmateId,instrument) VALUES (41,4,'bass balalaika');
INSERT INTO Instruments(songId,bandmateId,instrument) VALUES (43,1,'washboard');
INSERT INTO Instruments(songId,bandmateId,instrument) VALUES (43,2,'ukalele');
INSERT INTO Instruments(songId,bandmateId,instrument) VALUES (43,2,'kazoo');
INSERT INTO Instruments(songId,bandmateId,instrument) VALUES (43,3,'banjo');
INSERT INTO Instruments(songId,bandmateId,instrument) VALUES (43,4,'bass balalaika');


INSERT INTO Performance(songId,bandmateId,stagePosition) VALUES (1,1,'back');
INSERT INTO Performance(songId,bandmateId,stagePosition) VALUES (1,2,'left');
INSERT INTO Performance(songId,bandmateId,stagePosition) VALUES (1,3,'center');
INSERT INTO Performance(songId,bandmateId,stagePosition) VALUES (1,4,'right');
INSERT INTO Performance(songId,bandmateId,stagePosition) VALUES (2,1,'center');
INSERT INTO Performance(songId,bandmateId,stagePosition) VALUES (2,2,'back');
INSERT INTO Performance(songId,bandmateId,stagePosition) VALUES (2,3,'left');
INSERT INTO Performance(songId,bandmateId,stagePosition) VALUES (2,4,'right');
INSERT INTO Performance(songId,bandmateId,stagePosition) VALUES (3,1,'back');
INSERT INTO Performance(songId,bandmateId,stagePosition) VALUES (3,2,'right');
INSERT INTO Performance(songId,bandmateId,stagePosition) VALUES (3,3,'center');
INSERT INTO Performance(songId,bandmateId,stagePosition) VALUES (3,4,'left');
INSERT INTO Performance(songId,bandmateId,stagePosition) VALUES (4,1,'back');
INSERT INTO Performance(songId,bandmateId,stagePosition) VALUES (4,2,'center');
INSERT INTO Performance(songId,bandmateId,stagePosition) VALUES (4,3,'left');
INSERT INTO Performance(songId,bandmateId,stagePosition) VALUES (4,4,'right');
INSERT INTO Performance(songId,bandmateId,stagePosition) VALUES (5,1,'back');
INSERT INTO Performance(songId,bandmateId,stagePosition) VALUES (5,2,'left');
INSERT INTO Performance(songId,bandmateId,stagePosition) VALUES (5,3,'center');
INSERT INTO Performance(songId,bandmateId,stagePosition) VALUES (5,4,'right');
INSERT INTO Performance(songId,bandmateId,stagePosition) VALUES (6,1,'center');
INSERT INTO Performance(songId,bandmateId,stagePosition) VALUES (6,2,'center');
INSERT INTO Performance(songId,bandmateId,stagePosition) VALUES (6,3,'left');
INSERT INTO Performance(songId,bandmateId,stagePosition) VALUES (6,4,'right');
INSERT INTO Performance(songId,bandmateId,stagePosition) VALUES (7,1,'back');
INSERT INTO Performance(songId,bandmateId,stagePosition) VALUES (7,2,'left');
INSERT INTO Performance(songId,bandmateId,stagePosition) VALUES (7,3,'center');
INSERT INTO Performance(songId,bandmateId,stagePosition) VALUES (7,4,'right');
INSERT INTO Performance(songId,bandmateId,stagePosition) VALUES (8,1,'back');
INSERT INTO Performance(songId,bandmateId,stagePosition) VALUES (8,2,'left');
INSERT INTO Performance(songId,bandmateId,stagePosition) VALUES (8,3,'center');
INSERT INTO Performance(songId,bandmateId,stagePosition) VALUES (8,4,'right');
INSERT INTO Performance(songId,bandmateId,stagePosition) VALUES (9,1,'center');
INSERT INTO Performance(songId,bandmateId,stagePosition) VALUES (9,2,'left');
INSERT INTO Performance(songId,bandmateId,stagePosition) VALUES (9,3,'right');
INSERT INTO Performance(songId,bandmateId,stagePosition) VALUES (9,4,'left');
INSERT INTO Performance(songId,bandmateId,stagePosition) VALUES (10,1,'center');
INSERT INTO Performance(songId,bandmateId,stagePosition) VALUES (10,2,'center');
INSERT INTO Performance(songId,bandmateId,stagePosition) VALUES (10,3,'center');
INSERT INTO Performance(songId,bandmateId,stagePosition) VALUES (10,4,'center');
INSERT INTO Performance(songId,bandmateId,stagePosition) VALUES (11,1,'right');
INSERT INTO Performance(songId,bandmateId,stagePosition) VALUES (11,2,'left');
INSERT INTO Performance(songId,bandmateId,stagePosition) VALUES (11,3,'center');
INSERT INTO Performance(songId,bandmateId,stagePosition) VALUES (11,4,'back');
INSERT INTO Performance(songId,bandmateId,stagePosition) VALUES (12,1,'right');
INSERT INTO Performance(songId,bandmateId,stagePosition) VALUES (12,2,'center');
INSERT INTO Performance(songId,bandmateId,stagePosition) VALUES (12,3,'left');
INSERT INTO Performance(songId,bandmateId,stagePosition) VALUES (12,4,'center');
INSERT INTO Performance(songId,bandmateId,stagePosition) VALUES (13,1,'back');
INSERT INTO Performance(songId,bandmateId,stagePosition) VALUES (13,2,'center');
INSERT INTO Performance(songId,bandmateId,stagePosition) VALUES (13,3,'left');
INSERT INTO Performance(songId,bandmateId,stagePosition) VALUES (13,4,'right');
INSERT INTO Performance(songId,bandmateId,stagePosition) VALUES (14,1,'back');
INSERT INTO Performance(songId,bandmateId,stagePosition) VALUES (14,2,'left');
INSERT INTO Performance(songId,bandmateId,stagePosition) VALUES (14,3,'left');
INSERT INTO Performance(songId,bandmateId,stagePosition) VALUES (14,4,'center');
INSERT INTO Performance(songId,bandmateId,stagePosition) VALUES (15,1,'center');
INSERT INTO Performance(songId,bandmateId,stagePosition) VALUES (15,2,'right');
INSERT INTO Performance(songId,bandmateId,stagePosition) VALUES (15,3,'left');
INSERT INTO Performance(songId,bandmateId,stagePosition) VALUES (15,4,'back');
INSERT INTO Performance(songId,bandmateId,stagePosition) VALUES (16,1,'center');
INSERT INTO Performance(songId,bandmateId,stagePosition) VALUES (16,2,'center');
INSERT INTO Performance(songId,bandmateId,stagePosition) VALUES (16,3,'left');
INSERT INTO Performance(songId,bandmateId,stagePosition) VALUES (16,4,'right');
INSERT INTO Performance(songId,bandmateId,stagePosition) VALUES (17,1,'back');
INSERT INTO Performance(songId,bandmateId,stagePosition) VALUES (17,2,'center');
INSERT INTO Performance(songId,bandmateId,stagePosition) VALUES (17,3,'left');
INSERT INTO Performance(songId,bandmateId,stagePosition) VALUES (17,4,'right');
INSERT INTO Performance(songId,bandmateId,stagePosition) VALUES (18,1,'left');
INSERT INTO Performance(songId,bandmateId,stagePosition) VALUES (18,2,'right');
INSERT INTO Performance(songId,bandmateId,stagePosition) VALUES (18,3,'left');
INSERT INTO Performance(songId,bandmateId,stagePosition) VALUES (18,4,'center');
INSERT INTO Performance(songId,bandmateId,stagePosition) VALUES (19,1,'center');
INSERT INTO Performance(songId,bandmateId,stagePosition) VALUES (19,2,'right');
INSERT INTO Performance(songId,bandmateId,stagePosition) VALUES (19,3,'left');
INSERT INTO Performance(songId,bandmateId,stagePosition) VALUES (19,4,'back');
INSERT INTO Performance(songId,bandmateId,stagePosition) VALUES (20,1,'left');
INSERT INTO Performance(songId,bandmateId,stagePosition) VALUES (20,2,'back');
INSERT INTO Performance(songId,bandmateId,stagePosition) VALUES (20,3,'center');
INSERT INTO Performance(songId,bandmateId,stagePosition) VALUES (20,4,'right');
INSERT INTO Performance(songId,bandmateId,stagePosition) VALUES (21,1,'left');
INSERT INTO Performance(songId,bandmateId,stagePosition) VALUES (21,2,'left');
INSERT INTO Performance(songId,bandmateId,stagePosition) VALUES (21,3,'left');
INSERT INTO Performance(songId,bandmateId,stagePosition) VALUES (21,4,'center');
INSERT INTO Performance(songId,bandmateId,stagePosition) VALUES (22,1,'left');
INSERT INTO Performance(songId,bandmateId,stagePosition) VALUES (22,2,'back');
INSERT INTO Performance(songId,bandmateId,stagePosition) VALUES (22,3,'center');
INSERT INTO Performance(songId,bandmateId,stagePosition) VALUES (22,4,'right');
INSERT INTO Performance(songId,bandmateId,stagePosition) VALUES (23,1,'center');
INSERT INTO Performance(songId,bandmateId,stagePosition) VALUES (23,2,'center');
INSERT INTO Performance(songId,bandmateId,stagePosition) VALUES (23,3,'center');
INSERT INTO Performance(songId,bandmateId,stagePosition) VALUES (23,4,'center');
INSERT INTO Performance(songId,bandmateId,stagePosition) VALUES (24,1,'back');
INSERT INTO Performance(songId,bandmateId,stagePosition) VALUES (24,2,'center');
INSERT INTO Performance(songId,bandmateId,stagePosition) VALUES (24,3,'left');
INSERT INTO Performance(songId,bandmateId,stagePosition) VALUES (24,4,'right');
INSERT INTO Performance(songId,bandmateId,stagePosition) VALUES (25,1,'back');
INSERT INTO Performance(songId,bandmateId,stagePosition) VALUES (25,2,'center');
INSERT INTO Performance(songId,bandmateId,stagePosition) VALUES (25,3,'left');
INSERT INTO Performance(songId,bandmateId,stagePosition) VALUES (25,4,'right');
INSERT INTO Performance(songId,bandmateId,stagePosition) VALUES (26,1,'back');
INSERT INTO Performance(songId,bandmateId,stagePosition) VALUES (26,2,'center');
INSERT INTO Performance(songId,bandmateId,stagePosition) VALUES (26,3,'left');
INSERT INTO Performance(songId,bandmateId,stagePosition) VALUES (26,4,'right');
INSERT INTO Performance(songId,bandmateId,stagePosition) VALUES (27,1,'back');
INSERT INTO Performance(songId,bandmateId,stagePosition) VALUES (27,2,'center');
INSERT INTO Performance(songId,bandmateId,stagePosition) VALUES (27,3,'left');
INSERT INTO Performance(songId,bandmateId,stagePosition) VALUES (27,4,'right');
INSERT INTO Performance(songId,bandmateId,stagePosition) VALUES (28,1,'back');
INSERT INTO Performance(songId,bandmateId,stagePosition) VALUES (28,2,'right');
INSERT INTO Performance(songId,bandmateId,stagePosition) VALUES (28,3,'left');
INSERT INTO Performance(songId,bandmateId,stagePosition) VALUES (28,4,'center');
INSERT INTO Performance(songId,bandmateId,stagePosition) VALUES (29,1,'back');
INSERT INTO Performance(songId,bandmateId,stagePosition) VALUES (29,2,'left');
INSERT INTO Performance(songId,bandmateId,stagePosition) VALUES (29,3,'center');
INSERT INTO Performance(songId,bandmateId,stagePosition) VALUES (29,4,'right');
INSERT INTO Performance(songId,bandmateId,stagePosition) VALUES (30,1,'back');
INSERT INTO Performance(songId,bandmateId,stagePosition) VALUES (30,2,'left');
INSERT INTO Performance(songId,bandmateId,stagePosition) VALUES (30,3,'center');
INSERT INTO Performance(songId,bandmateId,stagePosition) VALUES (30,4,'right');
INSERT INTO Performance(songId,bandmateId,stagePosition) VALUES (31,1,'back');
INSERT INTO Performance(songId,bandmateId,stagePosition) VALUES (31,2,'center');
INSERT INTO Performance(songId,bandmateId,stagePosition) VALUES (31,3,'left');
INSERT INTO Performance(songId,bandmateId,stagePosition) VALUES (31,4,'right');
INSERT INTO Performance(songId,bandmateId,stagePosition) VALUES (32,1,'center');
INSERT INTO Performance(songId,bandmateId,stagePosition) VALUES (32,2,'left');
INSERT INTO Performance(songId,bandmateId,stagePosition) VALUES (32,3,'back');
INSERT INTO Performance(songId,bandmateId,stagePosition) VALUES (32,4,'right');
INSERT INTO Performance(songId,bandmateId,stagePosition) VALUES (33,1,'center');
INSERT INTO Performance(songId,bandmateId,stagePosition) VALUES (33,2,'left');
INSERT INTO Performance(songId,bandmateId,stagePosition) VALUES (33,3,'center');
INSERT INTO Performance(songId,bandmateId,stagePosition) VALUES (33,4,'right');
INSERT INTO Performance(songId,bandmateId,stagePosition) VALUES (34,1,'center');
INSERT INTO Performance(songId,bandmateId,stagePosition) VALUES (34,2,'back');
INSERT INTO Performance(songId,bandmateId,stagePosition) VALUES (34,3,'left');
INSERT INTO Performance(songId,bandmateId,stagePosition) VALUES (34,4,'right');
INSERT INTO Performance(songId,bandmateId,stagePosition) VALUES (35,1,'center');
INSERT INTO Performance(songId,bandmateId,stagePosition) VALUES (35,2,'center');
INSERT INTO Performance(songId,bandmateId,stagePosition) VALUES (35,3,'left');
INSERT INTO Performance(songId,bandmateId,stagePosition) VALUES (35,4,'right');
INSERT INTO Performance(songId,bandmateId,stagePosition) VALUES (36,1,'center');
INSERT INTO Performance(songId,bandmateId,stagePosition) VALUES (36,2,'back');
INSERT INTO Performance(songId,bandmateId,stagePosition) VALUES (36,3,'left');
INSERT INTO Performance(songId,bandmateId,stagePosition) VALUES (36,4,'right');
INSERT INTO Performance(songId,bandmateId,stagePosition) VALUES (37,1,'back');
INSERT INTO Performance(songId,bandmateId,stagePosition) VALUES (37,2,'left');
INSERT INTO Performance(songId,bandmateId,stagePosition) VALUES (37,3,'center');
INSERT INTO Performance(songId,bandmateId,stagePosition) VALUES (37,4,'right');
INSERT INTO Performance(songId,bandmateId,stagePosition) VALUES (38,1,'back');
INSERT INTO Performance(songId,bandmateId,stagePosition) VALUES (38,2,'right');
INSERT INTO Performance(songId,bandmateId,stagePosition) VALUES (38,3,'left');
INSERT INTO Performance(songId,bandmateId,stagePosition) VALUES (38,4,'center');
INSERT INTO Performance(songId,bandmateId,stagePosition) VALUES (39,1,'left');
INSERT INTO Performance(songId,bandmateId,stagePosition) VALUES (39,2,'right');
INSERT INTO Performance(songId,bandmateId,stagePosition) VALUES (39,3,'center');
INSERT INTO Performance(songId,bandmateId,stagePosition) VALUES (39,4,'back');
INSERT INTO Performance(songId,bandmateId,stagePosition) VALUES (40,1,'center');
INSERT INTO Performance(songId,bandmateId,stagePosition) VALUES (40,2,'right');
INSERT INTO Performance(songId,bandmateId,stagePosition) VALUES (40,3,'center');
INSERT INTO Performance(songId,bandmateId,stagePosition) VALUES (40,4,'left');
INSERT INTO Performance(songId,bandmateId,stagePosition) VALUES (41,1,'back');
INSERT INTO Performance(songId,bandmateId,stagePosition) VALUES (41,2,'center');
INSERT INTO Performance(songId,bandmateId,stagePosition) VALUES (41,3,'left');
INSERT INTO Performance(songId,bandmateId,stagePosition) VALUES (41,4,'right');
INSERT INTO Performance(songId,bandmateId,stagePosition) VALUES (42,1,'center');
INSERT INTO Performance(songId,bandmateId,stagePosition) VALUES (42,2,'right');
INSERT INTO Performance(songId,bandmateId,stagePosition) VALUES (42,3,'left');
INSERT INTO Performance(songId,bandmateId,stagePosition) VALUES (42,4,'back');
INSERT INTO Performance(songId,bandmateId,stagePosition) VALUES (43,1,'center');
INSERT INTO Performance(songId,bandmateId,stagePosition) VALUES (43,2,'center');
INSERT INTO Performance(songId,bandmateId,stagePosition) VALUES (43,3,'left');
INSERT INTO Performance(songId,bandmateId,stagePosition) VALUES (43,4,'right');

INSERT INTO Tracklists(albumId,postion,songId) VALUES (1,1,1);
INSERT INTO Tracklists(albumId,postion,songId) VALUES (1,2,2);
INSERT INTO Tracklists(albumId,postion,songId) VALUES (1,3,3);
INSERT INTO Tracklists(albumId,postion,songId) VALUES (1,4,4);
INSERT INTO Tracklists(albumId,postion,songId) VALUES (1,5,5);
INSERT INTO Tracklists(albumId,postion,songId) VALUES (1,6,6);
INSERT INTO Tracklists(albumId,postion,songId) VALUES (1,7,7);
INSERT INTO Tracklists(albumId,postion,songId) VALUES (1,8,8);
INSERT INTO Tracklists(albumId,postion,songId) VALUES (1,9,9);
INSERT INTO Tracklists(albumId,postion,songId) VALUES (1,10,10);
INSERT INTO Tracklists(albumId,postion,songId) VALUES (1,11,11);
INSERT INTO Tracklists(albumId,postion,songId) VALUES (1,12,12);
INSERT INTO Tracklists(albumId,postion,songId) VALUES (1,13,13);
INSERT INTO Tracklists(albumId,postion,songId) VALUES (2,1,14);
INSERT INTO Tracklists(albumId,postion,songId) VALUES (2,2,15);
INSERT INTO Tracklists(albumId,postion,songId) VALUES (2,3,16);
INSERT INTO Tracklists(albumId,postion,songId) VALUES (2,4,17);
INSERT INTO Tracklists(albumId,postion,songId) VALUES (2,5,18);
INSERT INTO Tracklists(albumId,postion,songId) VALUES (2,6,19);
INSERT INTO Tracklists(albumId,postion,songId) VALUES (2,7,20);
INSERT INTO Tracklists(albumId,postion,songId) VALUES (2,8,21);
INSERT INTO Tracklists(albumId,postion,songId) VALUES (2,9,22);
INSERT INTO Tracklists(albumId,postion,songId) VALUES (2,10,23);
INSERT INTO Tracklists(albumId,postion,songId) VALUES (2,11,24);
INSERT INTO Tracklists(albumId,postion,songId) VALUES (2,12,25);
INSERT INTO Tracklists(albumId,postion,songId) VALUES (3,1,14);
INSERT INTO Tracklists(albumId,postion,songId) VALUES (3,2,26);
INSERT INTO Tracklists(albumId,postion,songId) VALUES (3,3,3);
INSERT INTO Tracklists(albumId,postion,songId) VALUES (3,4,15);
INSERT INTO Tracklists(albumId,postion,songId) VALUES (3,5,11);
INSERT INTO Tracklists(albumId,postion,songId) VALUES (3,6,19);
INSERT INTO Tracklists(albumId,postion,songId) VALUES (3,7,18);
INSERT INTO Tracklists(albumId,postion,songId) VALUES (3,8,16);
INSERT INTO Tracklists(albumId,postion,songId) VALUES (3,9,12);
INSERT INTO Tracklists(albumId,postion,songId) VALUES (3,10,17);
INSERT INTO Tracklists(albumId,postion,songId) VALUES (3,11,22);
INSERT INTO Tracklists(albumId,postion,songId) VALUES (3,12,20);
INSERT INTO Tracklists(albumId,postion,songId) VALUES (3,13,2);
INSERT INTO Tracklists(albumId,postion,songId) VALUES (3,14,5);
INSERT INTO Tracklists(albumId,postion,songId) VALUES (3,15,8);
INSERT INTO Tracklists(albumId,postion,songId) VALUES (3,16,7);
INSERT INTO Tracklists(albumId,postion,songId) VALUES (3,17,25);
INSERT INTO Tracklists(albumId,postion,songId) VALUES (3,18,13);
INSERT INTO Tracklists(albumId,postion,songId) VALUES (3,19,24);
INSERT INTO Tracklists(albumId,postion,songId) VALUES (4,1,33);
INSERT INTO Tracklists(albumId,postion,songId) VALUES (4,2,41);
INSERT INTO Tracklists(albumId,postion,songId) VALUES (4,3,34);
INSERT INTO Tracklists(albumId,postion,songId) VALUES (4,4,35);
INSERT INTO Tracklists(albumId,postion,songId) VALUES (4,5,31);
INSERT INTO Tracklists(albumId,postion,songId) VALUES (4,6,36);
INSERT INTO Tracklists(albumId,postion,songId) VALUES (4,7,30);
INSERT INTO Tracklists(albumId,postion,songId) VALUES (4,8,37);
INSERT INTO Tracklists(albumId,postion,songId) VALUES (4,9,38);
INSERT INTO Tracklists(albumId,postion,songId) VALUES (4,10,39);
INSERT INTO Tracklists(albumId,postion,songId) VALUES (4,11,40);

INSERT INTO Vocals(songId,bandmateId,type) VALUES (2,1,'lead');
INSERT INTO Vocals(songId,bandmateId,type) VALUES (2,3,'chorus');
INSERT INTO Vocals(songId,bandmateId,type) VALUES (2,4,'chorus');
INSERT INTO Vocals(songId,bandmateId,type) VALUES (3,2,'lead');
INSERT INTO Vocals(songId,bandmateId,type) VALUES (4,1,'chorus');
INSERT INTO Vocals(songId,bandmateId,type) VALUES (4,2,'lead');
INSERT INTO Vocals(songId,bandmateId,type) VALUES (4,3,'chorus');
INSERT INTO Vocals(songId,bandmateId,type) VALUES (4,4,'chorus');
INSERT INTO Vocals(songId,bandmateId,type) VALUES (5,2,'lead');
INSERT INTO Vocals(songId,bandmateId,type) VALUES (5,1,'chorus');
INSERT INTO Vocals(songId,bandmateId,type) VALUES (5,3,'chorus');
INSERT INTO Vocals(songId,bandmateId,type) VALUES (5,4,'chorus');
INSERT INTO Vocals(songId,bandmateId,type) VALUES (6,4,'lead');
INSERT INTO Vocals(songId,bandmateId,type) VALUES (6,1,'lead');
INSERT INTO Vocals(songId,bandmateId,type) VALUES (7,4,'lead');
INSERT INTO Vocals(songId,bandmateId,type) VALUES (7,2,'lead');
INSERT INTO Vocals(songId,bandmateId,type) VALUES (7,3,'chorus');
INSERT INTO Vocals(songId,bandmateId,type) VALUES (8,1,'chorus');
INSERT INTO Vocals(songId,bandmateId,type) VALUES (8,2,'chorus');
INSERT INTO Vocals(songId,bandmateId,type) VALUES (8,3,'chorus');
INSERT INTO Vocals(songId,bandmateId,type) VALUES (8,4,'chorus');
INSERT INTO Vocals(songId,bandmateId,type) VALUES (9,1,'lead');
INSERT INTO Vocals(songId,bandmateId,type) VALUES (9,3,'chorus');
INSERT INTO Vocals(songId,bandmateId,type) VALUES (10,3,'lead');
INSERT INTO Vocals(songId,bandmateId,type) VALUES (10,1,'chorus');
INSERT INTO Vocals(songId,bandmateId,type) VALUES (10,2,'chorus');
INSERT INTO Vocals(songId,bandmateId,type) VALUES (11,1,'chorus');
INSERT INTO Vocals(songId,bandmateId,type) VALUES (11,2,'chorus');
INSERT INTO Vocals(songId,bandmateId,type) VALUES (11,3,'lead');
INSERT INTO Vocals(songId,bandmateId,type) VALUES (11,4,'chorus');
INSERT INTO Vocals(songId,bandmateId,type) VALUES (12,1,'chorus');
INSERT INTO Vocals(songId,bandmateId,type) VALUES (12,2,'chorus');
INSERT INTO Vocals(songId,bandmateId,type) VALUES (12,3,'chorus');
INSERT INTO Vocals(songId,bandmateId,type) VALUES (12,4,'lead');
INSERT INTO Vocals(songId,bandmateId,type) VALUES (13,2,'lead');
INSERT INTO Vocals(songId,bandmateId,type) VALUES (13,1,'chorus');
INSERT INTO Vocals(songId,bandmateId,type) VALUES (13,3,'chorus');
INSERT INTO Vocals(songId,bandmateId,type) VALUES (14,4,'lead');
INSERT INTO Vocals(songId,bandmateId,type) VALUES (15,1,'lead');
INSERT INTO Vocals(songId,bandmateId,type) VALUES (15,2,'chorus');
INSERT INTO Vocals(songId,bandmateId,type) VALUES (15,3,'chorus');
INSERT INTO Vocals(songId,bandmateId,type) VALUES (15,4,'chorus');
INSERT INTO Vocals(songId,bandmateId,type) VALUES (16,1,'shared');
INSERT INTO Vocals(songId,bandmateId,type) VALUES (16,2,'shared');
INSERT INTO Vocals(songId,bandmateId,type) VALUES (16,3,'chorus');
INSERT INTO Vocals(songId,bandmateId,type) VALUES (16,4,'chorus');
INSERT INTO Vocals(songId,bandmateId,type) VALUES (17,2,'lead');
INSERT INTO Vocals(songId,bandmateId,type) VALUES (18,3,'lead');
INSERT INTO Vocals(songId,bandmateId,type) VALUES (19,1,'lead');
INSERT INTO Vocals(songId,bandmateId,type) VALUES (19,3,'chorus');
INSERT INTO Vocals(songId,bandmateId,type) VALUES (20,3,'lead');
INSERT INTO Vocals(songId,bandmateId,type) VALUES (20,4,'chorus');
INSERT INTO Vocals(songId,bandmateId,type) VALUES (20,1,'chorus');
INSERT INTO Vocals(songId,bandmateId,type) VALUES (21,1,'lead');
INSERT INTO Vocals(songId,bandmateId,type) VALUES (21,4,'chorus');
INSERT INTO Vocals(songId,bandmateId,type) VALUES (22,1,'chorus');
INSERT INTO Vocals(songId,bandmateId,type) VALUES (22,2,'shared');
INSERT INTO Vocals(songId,bandmateId,type) VALUES (22,3,'chorus');
INSERT INTO Vocals(songId,bandmateId,type) VALUES (22,4,'lead');
INSERT INTO Vocals(songId,bandmateId,type) VALUES (23,1,'chorus');
INSERT INTO Vocals(songId,bandmateId,type) VALUES (23,2,'lead');
INSERT INTO Vocals(songId,bandmateId,type) VALUES (23,3,'chorus');
INSERT INTO Vocals(songId,bandmateId,type) VALUES (23,4,'chorus');
INSERT INTO Vocals(songId,bandmateId,type) VALUES (24,1,'chorus');
INSERT INTO Vocals(songId,bandmateId,type) VALUES (24,2,'chorus');
INSERT INTO Vocals(songId,bandmateId,type) VALUES (24,3,'chorus');
INSERT INTO Vocals(songId,bandmateId,type) VALUES (24,4,'chorus');
INSERT INTO Vocals(songId,bandmateId,type) VALUES (25,1,'chorus');
INSERT INTO Vocals(songId,bandmateId,type) VALUES (25,2,'lead');
INSERT INTO Vocals(songId,bandmateId,type) VALUES (25,3,'chorus');
INSERT INTO Vocals(songId,bandmateId,type) VALUES (25,4,'chorus');
INSERT INTO Vocals(songId,bandmateId,type) VALUES (26,2,'lead');
INSERT INTO Vocals(songId,bandmateId,type) VALUES (26,1,'chorus');
INSERT INTO Vocals(songId,bandmateId,type) VALUES (26,3,'chorus');
INSERT INTO Vocals(songId,bandmateId,type) VALUES (26,4,'chorus');
INSERT INTO Vocals(songId,bandmateId,type) VALUES (27,4,'lead');
INSERT INTO Vocals(songId,bandmateId,type) VALUES (28,4,'lead');
INSERT INTO Vocals(songId,bandmateId,type) VALUES (28,3,'chorus');
INSERT INTO Vocals(songId,bandmateId,type) VALUES (29,3,'lead');
INSERT INTO Vocals(songId,bandmateId,type) VALUES (29,4,'chorus');
INSERT INTO Vocals(songId,bandmateId,type) VALUES (30,2,'lead');
INSERT INTO Vocals(songId,bandmateId,type) VALUES (31,3,'shared');
INSERT INTO Vocals(songId,bandmateId,type) VALUES (31,4,'shared');
INSERT INTO Vocals(songId,bandmateId,type) VALUES (31,4,'rap');
INSERT INTO Vocals(songId,bandmateId,type) VALUES (32,1,'shared');
INSERT INTO Vocals(songId,bandmateId,type) VALUES (32,2,'shared');
INSERT INTO Vocals(songId,bandmateId,type) VALUES (33,1,'chorus');
INSERT INTO Vocals(songId,bandmateId,type) VALUES (33,2,'chorus');
INSERT INTO Vocals(songId,bandmateId,type) VALUES (33,3,'lead');
INSERT INTO Vocals(songId,bandmateId,type) VALUES (33,4,'chorus');
INSERT INTO Vocals(songId,bandmateId,type) VALUES (34,1,'shared');
INSERT INTO Vocals(songId,bandmateId,type) VALUES (34,3,'shared');
INSERT INTO Vocals(songId,bandmateId,type) VALUES (34,4,'chorus');
INSERT INTO Vocals(songId,bandmateId,type) VALUES (35,1,'chorus');
INSERT INTO Vocals(songId,bandmateId,type) VALUES (35,2,'lead');
INSERT INTO Vocals(songId,bandmateId,type) VALUES (35,3,'chorus');
INSERT INTO Vocals(songId,bandmateId,type) VALUES (35,4,'chorus');
INSERT INTO Vocals(songId,bandmateId,type) VALUES (36,1,'lead');
INSERT INTO Vocals(songId,bandmateId,type) VALUES (36,3,'chorus');
INSERT INTO Vocals(songId,bandmateId,type) VALUES (36,4,'chorus');
INSERT INTO Vocals(songId,bandmateId,type) VALUES (37,1,'chorus');
INSERT INTO Vocals(songId,bandmateId,type) VALUES (37,2,'chorus');
INSERT INTO Vocals(songId,bandmateId,type) VALUES (37,3,'lead');
INSERT INTO Vocals(songId,bandmateId,type) VALUES (37,4,'chorus');
INSERT INTO Vocals(songId,bandmateId,type) VALUES (38,1,'chorus');
INSERT INTO Vocals(songId,bandmateId,type) VALUES (38,2,'chorus');
INSERT INTO Vocals(songId,bandmateId,type) VALUES (38,3,'chorus');
INSERT INTO Vocals(songId,bandmateId,type) VALUES (38,4,'lead');
INSERT INTO Vocals(songId,bandmateId,type) VALUES (39,1,'lead');
INSERT INTO Vocals(songId,bandmateId,type) VALUES (39,3,'chorus');
INSERT INTO Vocals(songId,bandmateId,type) VALUES (40,1,'chorus');
INSERT INTO Vocals(songId,bandmateId,type) VALUES (40,2,'chorus');
INSERT INTO Vocals(songId,bandmateId,type) VALUES (40,3,'lead');
INSERT INTO Vocals(songId,bandmateId,type) VALUES (40,4,'chorus');
INSERT INTO Vocals(songId,bandmateId,type) VALUES (41,1,'chorus');
INSERT INTO Vocals(songId,bandmateId,type) VALUES (41,2,'lead');
INSERT INTO Vocals(songId,bandmateId,type) VALUES (41,3,'chorus');
INSERT INTO Vocals(songId,bandmateId,type) VALUES (41,4,'chorus');
INSERT INTO Vocals(songId,bandmateId,type) VALUES (42,1,'lead');
INSERT INTO Vocals(songId,bandmateId,type) VALUES (42,2,'chorus');
INSERT INTO Vocals(songId,bandmateId,type) VALUES (42,3,'chorus');
INSERT INTO Vocals(songId,bandmateId,type) VALUES (42,4,'chorus');
INSERT INTO Vocals(songId,bandmateId,type) VALUES (43,1,'chorus');
INSERT INTO Vocals(songId,bandmateId,type) VALUES (43,2,'lead');
INSERT INTO Vocals(songId,bandmateId,type) VALUES (43,4,'chorus');

